,# STN,YYYYMMDD,DDVEC,FHVEC,   FG,  FHX, FHXH,  FHN, FHNH,  FXX, FXXH
0,258,20180101,223,91,97,160,2,40,17,220,4
1,258,20180102,216,73,85,140,21,60,2,180,20
2,258,20180103,256,158,168,230,11,130,1,330,11
3,258,20180104,237,99,109,180,21,60,12,240,21
4,258,20180105,224,82,87,170,1,40,17,210,1
5,258,20180106,52,7,66,110,24,20,12,150,24
6,258,20180107,61,125,125,140,19,110,2,170,19
7,258,20180108,82,127,129,140,18,120,8,180,17
8,258,20180109,109,73,78,120,4,40,22,140,1
9,258,20180110,147,45,47,50,2,40,1,70,2
10,258,20180111,10,21,33,50,15,10,8,70,16
11,258,20180112,49,21,31,50,24,10,15,70,24
12,258,20180113,104,57,59,90,24,40,4,110,24
13,258,20180114,111,75,85,100,4,60,15,120,3
14,258,20180115,199,107,119,160,18,90,1,200,14
15,258,20180116,256,102,105,140,14,70,23,200,12
16,258,20180117,269,109,113,150,13,90,1,200,3
17,258,20180118,248,92,121,240,9,40,22,360,11
18,258,20180119,237,66,68,80,9,50,2,150,22
19,258,20180120,202,56,62,90,1,30,17,120,23
20,258,20180121,227,26,58,90,24,40,9,140,3
21,258,20180122,245,50,70,100,1,50,23,130,1
22,258,20180123,209,85,88,120,20,60,1,150,17
23,258,20180124,212,111,115,150,12,60,20,200,13
24,258,20180125,202,63,65,80,1,40,24,120,1
25,258,20180126,201,35,40,50,1,20,23,70,1
26,258,20180127,212,87,88,160,20,20,1,210,20
27,258,20180128,241,97,98,130,15,60,8,160,1
28,258,20180129,254,90,99,130,11,60,23,180,11
29,258,20180130,226,53,59,80,23,40,4,110,24
30,258,20180131,235,104,113,150,6,70,18,200,6
31,258,20180201,236,92,99,120,23,70,13,160,7
32,258,20180202,332,55,66,100,17,20,23,130,15
33,258,20180203,51,8,67,100,16,20,13,150,24
34,258,20180204,36,100,103,140,10,50,1,190,9
35,258,20180205,74,90,92,100,7,80,13,130,21
36,258,20180206,72,71,73,80,5,60,21,110,11
37,258,20180207,80,21,32,60,1,0,16,80,2
38,258,20180208,190,60,60,100,23,40,1,120,23
39,258,20180209,179,91,93,110,8,40,24,140,8
40,258,20180210,194,60,63,140,23,10,4,180,23
41,258,20180211,242,98,117,150,1,60,21,200,13
42,258,20180212,247,72,79,100,16,50,9,170,6
43,258,20180213,176,81,85,100,2,70,17,130,6
44,258,20180214,155,88,88,120,23,70,1,170,24
45,258,20180215,194,74,90,130,2,60,17,170,2
46,258,20180216,234,57,60,80,13,30,22,90,1
47,258,20180217,108,30,32,40,7,20,17,60,8
48,258,20180218,170,47,48,60,20,40,3,60,1
49,258,20180219,167,40,47,70,4,20,18,90,7
50,258,20180220,52,38,41,70,21,20,2,80,20
51,258,20180221,52,49,51,80,24,30,9,100,24
52,258,20180222,66,71,71,80,1,50,11,110,4
53,258,20180223,76,95,96,130,24,80,1,160,24
54,258,20180224,84,120,120,140,10,100,18,170,10
55,258,20180225,75,108,109,120,1,90,9,160,1
56,258,20180226,61,98,100,120,1,90,4,150,1
57,258,20180227,66,64,68,100,24,30,13,120,1
58,258,20180228,82,137,138,180,21,110,1,220,20
59,258,20180301,81,175,175,190,8,160,1,240,7
60,258,20180302,80,147,148,170,1,120,18,220,1
61,258,20180303,93,94,95,120,4,60,22,150,1
62,258,20180304,107,67,75,110,24,60,9,140,24
63,258,20180305,187,54,70,110,2,20,16,140,2
64,258,20180306,135,22,42,60,1,10,19,80,14
65,258,20180307,120,19,39,70,24,20,1,90,23
66,258,20180308,219,86,97,140,17,60,1,220,17
67,258,20180309,185,32,54,70,2,10,15,90,2
68,258,20180310,175,52,63,80,11,50,5,90,10
69,258,20180311,147,29,53,90,13,10,5,120,14
70,258,20180312,180,44,47,60,1,30,11,90,17
71,258,20180313,298,38,58,90,10,30,2,110,10
72,258,20180314,104,43,61,110,21,20,6,130,21
73,258,20180315,97,110,112,140,7,80,16,170,7
74,258,20180316,82,129,130,150,21,100,1,200,19
75,258,20180317,72,167,168,180,9,160,1,230,15
76,258,20180318,75,148,149,170,2,120,19,210,2
77,258,20180319,53,97,105,140,5,30,23,180,6
78,258,20180320,353,73,78,100,7,50,22,130,4
79,258,20180321,251,43,52,90,23,20,12,120,24
80,258,20180322,275,48,62,100,4,30,19,130,2
81,258,20180323,195,63,66,90,10,40,1,130,11
82,258,20180324,75,21,39,60,18,10,12,80,21
83,258,20180325,347,36,42,60,14,20,2,80,20
84,258,20180326,262,15,29,50,19,10,8,80,19
85,258,20180327,145,42,52,80,14,30,4,130,14
86,258,20180328,273,31,50,100,20,10,14,130,19
87,258,20180329,222,28,53,80,1,20,17,100,1
88,258,20180330,103,64,71,90,17,30,23,110,22
89,258,20180331,148,12,36,60,21,10,12,80,21
90,258,20180401,15,32,42,70,6,10,24,90,5
91,258,20180402,148,52,60,90,20,10,1,130,20
92,258,20180403,206,66,71,90,3,30,21,150,23
93,258,20180404,182,50,54,80,17,20,18,210,17
94,258,20180405,273,82,102,160,7,50,20,210,6
95,258,20180406,128,69,71,90,11,40,2,120,14
96,258,20180407,145,35,45,70,5,20,18,80,5
97,258,20180408,355,43,45,70,15,20,9,80,15
98,258,20180409,21,66,73,90,4,50,11,120,20
99,258,20180410,63,43,60,80,18,30,10,100,1
100,258,20180411,72,80,83,110,22,50,11,140,22
101,258,20180412,74,69,72,110,2,20,24,150,6
102,258,20180413,246,34,44,80,17,10,1,100,16
103,258,20180414,254,17,37,60,4,10,16,70,4
104,258,20180415,102,23,32,50,2,10,12,60,2
105,258,20180416,238,52,56,80,14,40,4,110,14
106,258,20180417,199,56,60,70,3,40,24,90,8
107,258,20180418,113,17,40,60,20,10,12,70,22
108,258,20180419,120,43,48,70,3,20,20,100,11
109,258,20180420,278,19,48,80,24,10,14,90,20
110,258,20180421,36,49,59,90,21,30,8,110,21
111,258,20180422,165,22,65,110,23,10,13,150,20
112,258,20180423,246,97,100,140,22,70,7,170,22
113,258,20180424,240,109,113,150,22,70,18,180,22
114,258,20180425,256,118,121,180,4,90,8,230,2
115,258,20180426,253,116,118,130,1,100,23,160,3
116,258,20180427,173,24,63,100,1,20,15,140,1
117,258,20180428,227,61,70,100,12,40,1,140,12
118,258,20180429,30,72,83,180,24,10,5,220,24
119,258,20180430,194,25,95,180,1,10,9,210,1
120,258,20180501,254,112,119,190,4,50,21,240,5
121,258,20180502,203,74,85,120,19,50,1,160,21
122,258,20180503,325,32,56,80,2,30,22,100,2
123,258,20180504,54,29,48,70,21,20,8,90,20
124,258,20180505,59,44,47,80,20,20,13,100,19
125,258,20180506,90,52,54,70,18,40,11,80,18
126,258,20180507,74,39,48,60,1,30,20,70,1
127,258,20180508,101,36,40,70,2,10,17,90,2
128,258,20180509,338,26,45,80,17,10,5,100,16
129,258,20180510,291,58,63,90,14,50,5,130,16
130,258,20180511,80,28,49,90,24,30,6,110,24
131,258,20180512,91,48,53,80,1,10,12,100,2
132,258,20180513,308,30,71,100,21,30,6,120,20
133,258,20180514,19,60,65,90,19,40,4,110,19
134,258,20180515,26,57,67,90,21,20,11,110,21
135,258,20180516,9,109,111,150,16,70,10,180,16
136,258,20180517,353,106,108,120,1,90,22,160,3
137,258,20180518,330,68,70,90,1,50,23,120,1
138,258,20180519,267,24,35,70,4,10,19,90,4
139,258,20180520,37,38,50,90,16,20,5,110,16
140,258,20180521,84,70,71,90,4,60,9,110,4
141,258,20180522,41,58,66,110,20,30,7,130,20
142,258,20180523,55,60,63,90,24,40,6,120,19
143,258,20180524,83,82,85,110,15,60,8,160,14
144,258,20180525,80,47,50,90,1,20,16,110,1
145,258,20180526,65,65,67,100,24,40,14,120,24
146,258,20180527,84,60,65,100,1,30,17,130,6
147,258,20180528,40,42,54,100,22,20,9,120,22
148,258,20180529,41,55,68,110,17,30,20,210,19
149,258,20180530,112,8,45,70,2,20,10,100,19
150,258,20180531,35,26,45,70,12,10,21,190,12
151,258,20180601,286,49,56,100,23,20,2,120,23
152,258,20180602,254,68,70,90,4,50,22,120,4
153,258,20180603,303,19,45,60,7,10,13,80,5
154,258,20180604,24,45,47,60,16,20,5,90,19
155,258,20180605,12,54,58,80,18,30,12,110,19
156,258,20180606,27,48,58,80,15,40,22,90,15
157,258,20180607,13,37,46,70,15,20,8,80,15
158,258,20180608,9,62,64,80,15,40,8,90,1
159,258,20180609,12,71,73,100,15,50,11,110,15
160,258,20180610,8,68,72,90,14,50,10,110,16
161,258,20180611,29,66,68,90,18,50,8,120,19
162,258,20180612,8,68,73,100,20,50,8,130,23
163,258,20180613,316,53,75,110,4,50,16,150,5
164,258,20180614,224,90,100,140,15,50,24,180,15
165,258,20180615,30,11,25,50,18,10,4,60,17
166,258,20180616,235,64,70,120,20,10,3,150,20
167,258,20180617,244,101,102,130,2,80,17,160,1
168,258,20180618,235,102,104,130,14,80,11,170,14
169,258,20180619,246,57,62,100,1,30,10,140,1
170,258,20180620,232,79,84,100,5,60,21,130,16
171,258,20180621,301,111,112,140,9,40,1,190,10
172,258,20180622,314,110,113,150,2,70,23,210,2
173,258,20180623,324,52,60,90,3,30,14,120,3
174,258,20180624,341,68,70,90,15,50,1,110,14
175,258,20180625,353,62,64,80,17,50,6,100,17
176,258,20180626,8,68,74,90,12,50,9,110,12
177,258,20180627,34,52,56,90,18,30,10,110,18
178,258,20180628,25,61,69,90,15,40,7,110,15
179,258,20180629,2,71,75,100,13,60,2,120,13
180,258,20180630,73,77,78,110,24,60,1,120,17
181,258,20180701,94,97,98,120,3,70,21,150,11
182,258,20180702,63,75,81,130,19,40,13,160,19
183,258,20180703,30,68,74,100,16,50,8,110,15
184,258,20180704,21,50,58,80,16,40,9,90,16
185,258,20180705,347,41,44,60,11,20,4,90,23
186,258,20180706,355,50,56,70,6,30,13,100,3
187,258,20180707,17,40,44,80,14,10,7,100,16
188,258,20180708,360,51,53,70,13,30,8,100,16
189,258,20180709,342,67,70,120,23,30,2,170,23
190,258,20180710,349,92,105,120,7,80,22,150,6
191,258,20180711,354,71,76,100,15,50,8,130,15
192,258,20180712,346,75,76,90,3,60,10,110,2
193,258,20180713,4,53,55,80,19,40,4,100,18
194,258,20180714,26,36,45,70,16,10,6,90,16
195,258,20180715,70,32,46,80,23,20,11,100,24
196,258,20180716,81,34,46,80,1,10,12,100,1
197,258,20180717,259,62,66,110,14,20,2,140,14
198,258,20180718,262,16,43,70,19,20,14,90,19
199,258,20180719,43,33,49,90,18,10,9,110,19
200,258,20180720,27,64,74,100,16,30,9,120,16
201,258,20180721,3,55,67,100,18,10,9,120,2
202,258,20180722,308,30,39,70,1,10,10,90,1
203,258,20180723,20,13,25,60,19,10,1,70,19
204,258,20180724,28,11,37,60,1,10,10,80,1
205,258,20180725,25,44,50,70,13,20,7,100,14
206,258,20180726,63,38,48,70,2,20,12,110,18
207,258,20180727,97,69,70,80,3,60,9,100,3
208,258,20180728,251,82,101,150,14,30,9,190,14
209,258,20180729,193,68,75,100,12,50,18,130,12
210,258,20180730,224,24,47,90,21,10,24,140,20
211,258,20180731,257,35,51,120,12,10,1,230,11
212,258,20180801,49,10,25,40,18,0,1,60,18
213,258,20180802,27,27,35,60,15,10,9,70,14
214,258,20180803,20,37,43,90,21,20,2,110,21
215,258,20180804,357,52,60,100,23,10,5,120,22
216,258,20180805,23,51,56,100,1,30,10,120,1
217,258,20180806,87,33,49,80,3,10,11,90,2
218,258,20180807,73,16,33,90,24,10,8,180,23
219,258,20180808,232,67,85,130,10,50,23,180,3
220,258,20180809,141,13,80,160,21,50,5,280,21
221,258,20180810,231,106,115,160,20,90,5,230,20
222,258,20180811,255,84,86,120,1,40,22,160,4
223,258,20180812,191,44,57,90,9,10,19,110,5
224,258,20180813,248,48,61,100,12,10,3,130,12
225,258,20180814,276,78,81,100,2,50,18,150,2
226,258,20180815,224,74,75,90,15,60,14,120,15
227,258,20180816,215,67,77,110,12,20,20,140,12
228,258,20180817,276,31,40,70,1,10,11,90,1
229,258,20180818,225,86,88,100,10,70,20,130,14
230,258,20180819,224,89,93,120,16,70,1,170,16
231,258,20180820,310,32,45,70,1,20,22,100,5
232,258,20180821,125,22,28,60,10,10,7,80,10
233,258,20180822,257,41,44,80,16,10,5,100,16
234,258,20180823,235,69,81,110,16,50,2,160,18
235,258,20180824,251,83,96,130,14,50,20,230,19
236,258,20180825,269,66,73,110,18,40,2,180,18
237,258,20180826,209,74,88,160,23,40,7,210,20
238,258,20180827,245,80,91,140,1,40,24,190,1
239,258,20180828,166,14,28,40,1,10,13,60,1
240,258,20180829,347,27,53,110,16,10,9,130,16
241,258,20180830,335,69,75,100,1,30,24,140,1
242,258,20180831,13,31,40,60,18,30,5,70,17
243,258,20180901,73,20,28,70,21,10,6,90,21
244,258,20180902,60,51,56,80,19,30,13,100,19
245,258,20180903,13,53,55,70,16,40,5,80,1
246,258,20180904,19,34,40,60,1,10,9,80,19
247,258,20180905,16,47,51,70,20,10,8,80,19
248,258,20180906,318,37,45,80,17,10,2,100,17
249,258,20180907,256,91,98,140,22,50,1,190,19
250,258,20180908,230,94,99,120,2,80,22,150,1
251,258,20180909,213,69,71,100,4,40,20,130,4
252,258,20180910,239,69,72,100,24,50,5,120,23
253,258,20180911,232,104,110,140,7,40,23,180,11
254,258,20180912,345,43,46,90,8,20,4,120,8
255,258,20180913,309,13,24,50,18,10,5,60,16
256,258,20180914,226,69,75,110,16,30,1,130,16
257,258,20180915,251,58,63,90,15,30,20,110,15
258,258,20180916,205,64,65,90,11,30,21,120,11
259,258,20180917,197,47,54,80,6,30,17,90,4
260,258,20180918,212,81,91,140,17,60,1,190,17
261,258,20180919,212,95,96,130,18,60,7,170,18
262,258,20180920,207,80,82,110,10,40,20,140,10
263,258,20180921,246,130,146,180,8,100,1,310,17
264,258,20180922,253,83,89,110,4,40,24,160,10
265,258,20180923,343,44,60,130,20,0,7,210,21
266,258,20180924,315,80,84,110,15,50,22,190,16
267,258,20180925,227,33,42,70,23,10,16,90,22
268,258,20180926,226,86,87,110,8,60,21,140,8
269,258,20180927,231,52,61,70,1,40,16,100,24
270,258,20180928,16,77,80,110,6,30,24,140,6
271,258,20180929,218,28,31,50,7,10,1,70,8
272,258,20180930,250,52,64,70,5,60,1,100,24
273,258,20181001,318,81,91,130,12,50,24,190,13
274,258,20181002,262,88,99,130,5,60,22,170,4
275,258,20181003,281,56,68,80,2,50,11,120,3
276,258,20181004,215,65,67,80,1,50,8,100,1
277,258,20181005,181,28,36,60,3,10,17,70,1
278,258,20181006,13,16,57,150,23,20,9,180,23
279,258,20181007,27,46,60,140,1,20,12,170,1
280,258,20181008,210,64,66,90,10,40,1,110,9
281,258,20181009,197,54,55,70,1,30,24,90,2
282,258,20181010,93,58,60,80,16,20,1,100,19
283,258,20181011,147,59,61,80,24,50,8,100,9
284,258,20181012,184,76,77,90,3,60,17,120,1
285,258,20181013,160,68,68,80,4,60,9,90,1
286,258,20181014,165,56,59,80,13,40,19,100,12
287,258,20181015,197,35,42,70,15,20,2,90,15
288,258,20181016,187,34,38,60,21,20,4,70,11
289,258,20181017,254,22,36,60,1,20,23,70,1
290,258,20181018,38,64,71,80,7,40,14,100,2
291,258,20181019,63,41,45,70,1,10,24,90,1
292,258,20181020,241,48,51,80,11,10,1,100,11
293,258,20181021,215,62,65,80,6,40,24,100,7
294,258,20181022,335,58,79,110,24,50,19,140,24
295,258,20181023,278,113,115,120,2,100,20,170,11
296,258,20181024,300,76,82,120,1,40,19,150,1
297,258,20181025,273,59,61,80,3,50,14,100,3
298,258,20181026,251,82,94,120,5,70,1,160,21
299,258,20181027,36,37,67,100,21,20,11,150,4
300,258,20181028,65,101,102,130,24,80,8,160,23
301,258,20181029,65,102,103,120,1,80,10,160,24
302,258,20181030,173,36,105,140,3,60,10,210,23
303,258,20181031,183,55,75,130,1,40,14,190,1
304,258,20181101,157,64,69,80,5,50,12,110,5
305,258,20181102,245,59,63,90,3,40,9,140,3
306,258,20181103,181,56,61,70,9,60,1,80,8
307,258,20181104,130,49,54,70,6,10,13,90,6
308,258,20181105,102,57,59,80,8,40,18,100,8
309,258,20181106,128,49,51,70,15,30,7,80,14
310,258,20181107,174,80,81,100,15,60,1,140,16
311,258,20181108,173,52,65,90,2,40,19,110,2
312,258,20181109,134,61,68,90,5,40,11,110,20
313,258,20181110,176,82,84,120,7,60,16,160,7
314,258,20181111,190,86,88,110,11,60,22,140,13
315,258,20181112,185,58,60,90,24,40,10,110,24
316,258,20181113,218,88,92,120,7,70,17,170,13
317,258,20181114,180,63,66,80,1,50,22,100,8
318,258,20181115,139,51,54,60,1,30,13,80,3
319,258,20181116,117,54,60,80,17,40,1,100,18
320,258,20181117,88,93,95,120,19,80,1,150,18
321,258,20181118,69,89,91,110,18,70,12,140,18
322,258,20181119,58,120,121,140,16,100,6,200,17
323,258,20181120,81,136,138,150,10,120,22,190,10
324,258,20181121,96,97,98,140,1,70,17,160,1
325,258,20181122,93,75,76,90,4,60,22,110,4
326,258,20181123,94,63,67,90,22,60,1,110,22
327,258,20181124,72,65,66,90,5,40,22,110,4
328,258,20181125,61,63,65,80,13,30,7,110,21
329,258,20181126,72,75,75,90,8,70,10,110,15
330,258,20181127,103,66,71,100,24,60,2,120,23
331,258,20181128,156,96,101,120,17,80,10,150,17
332,258,20181129,181,104,105,120,11,90,3,160,11
333,258,20181130,204,90,91,110,7,80,13,130,6
334,258,20181201,190,89,90,110,18,70,8,150,20
335,258,20181202,217,82,89,100,9,80,2,140,17
336,258,20181203,245,72,87,120,7,60,21,150,7
337,258,20181204,250,39,48,60,1,40,10,110,9
338,258,20181205,161,67,70,90,19,50,2,140,21
339,258,20181206,219,78,80,110,21,70,1,130,20
340,258,20181207,231,99,112,140,24,70,18,230,16
341,258,20181208,245,139,143,160,10,120,1,250,21
342,258,20181209,285,112,118,170,2,80,10,230,1
343,258,20181210,305,91,93,110,9,70,7,200,18
344,258,20181211,309,48,50,90,1,20,18,130,2
345,258,20181212,85,55,58,80,20,30,1,110,22
346,258,20181213,81,92,93,110,11,80,2,130,9
347,258,20181214,82,76,77,90,2,60,24,110,3
348,258,20181215,139,92,94,140,22,60,1,170,20
349,258,20181216,170,72,74,110,2,60,16,150,1
350,258,20181217,195,56,70,80,9,60,3,100,9
351,258,20181218,166,73,78,100,20,60,2,130,21
352,258,20181219,184,76,77,100,1,60,13,130,11
353,258,20181220,196,84,86,110,23,70,1,140,24
354,258,20181221,226,83,99,160,15,60,5,200,15
355,258,20181222,256,63,67,110,12,30,4,150,11
356,258,20181223,245,36,58,90,6,20,15,110,6
357,258,20181224,295,28,44,70,1,20,9,90,5
358,258,20181225,236,62,65,100,20,30,6,120,20
359,258,20181226,221,73,74,90,1,60,8,110,1
360,258,20181227,215,51,51,70,1,40,14,90,1
361,258,20181228,217,50,50,70,18,30,2,90,21
362,258,20181229,256,77,101,130,17,60,1,200,18
363,258,20181230,266,48,55,100,1,30,17,140,1
364,258,20181231,256,50,55,80,24,30,9,100,24
365,258,20190101,305,88,104,130,19,70,9,200,17
366,258,20190102,344,86,86,130,4,40,19,220,4
367,258,20190103,327,47,49,70,8,30,3,110,2
368,258,20190104,297,66,67,80,10,40,1,110,10
369,258,20190105,313,93,93,110,5,70,22,140,3
370,258,20190106,297,45,48,80,1,30,16,90,1
371,258,20190107,247,84,90,140,22,40,1,210,22
372,258,20190108,313,138,144,160,8,120,24,230,7
373,258,20190109,359,98,100,120,1,80,20,200,3
374,258,20190110,256,22,47,80,21,20,7,100,1
375,258,20190111,310,66,70,90,13,50,2,120,13
376,258,20190112,270,86,90,110,10,50,2,150,12
377,258,20190113,288,114,122,160,15,70,1,220,16
378,258,20190114,313,76,81,110,1,50,4,190,11
379,258,20190115,244,99,100,110,9,70,1,140,10
380,258,20190116,223,110,115,140,19,70,23,180,19
381,258,20190117,292,68,90,120,21,50,23,180,21
382,258,20190118,207,48,63,90,11,10,4,110,1
383,258,20190119,135,63,68,90,18,40,5,110,18
384,258,20190120,96,36,39,60,1,20,21,70,1
385,258,20190121,218,51,53,80,21,10,1,100,22
386,258,20190122,186,99,100,120,9,70,22,160,10
387,258,20190123,90,30,48,60,1,30,9,80,1
388,258,20190124,101,27,33,50,8,20,4,70,8
389,258,20190125,217,51,64,130,17,10,1,150,16
390,258,20190126,227,85,93,120,23,70,1,150,23
391,258,20190127,234,85,99,140,20,70,10,180,20
392,258,20190128,323,89,96,150,7,40,24,200,7
393,258,20190129,201,65,78,110,11,60,1,130,11
394,258,20190130,125,35,43,80,3,10,13,100,4
395,258,20190131,174,43,65,90,24,30,1,110,3
396,258,20190201,79,74,76,110,5,50,15,130,3
397,258,20190202,18,49,56,70,3,40,1,90,8
398,258,20190203,284,37,55,90,23,20,17,110,23
399,258,20190204,204,115,117,150,13,90,1,200,12
400,258,20190205,201,66,70,90,1,50,10,110,1
401,258,20190206,196,73,75,100,4,60,17,120,1
402,258,20190207,220,117,125,180,14,70,1,270,17
403,258,20190208,201,125,125,150,21,100,1,200,21
404,258,20190209,230,151,152,200,11,110,22,270,13
405,258,20190210,284,25,73,120,21,40,10,180,21
406,258,20190211,298,69,74,90,7,60,19,150,8
407,258,20190212,237,63,67,80,20,50,4,120,1
408,258,20190213,212,76,77,100,4,60,16,120,4
409,258,20190214,194,45,53,70,1,20,16,90,1
410,258,20190215,169,50,51,70,18,30,1,70,3
411,258,20190216,202,62,64,80,10,50,19,100,10
412,258,20190217,174,57,59,70,15,50,2,90,20
413,258,20190218,208,48,55,70,23,30,17,100,23
414,258,20190219,236,78,79,90,8,60,1,120,10
415,258,20190220,216,74,75,90,9,60,2,110,9
416,258,20190221,232,65,68,90,4,30,23,110,4
417,258,20190222,83,12,31,60,20,10,7,70,19
418,258,20190223,116,55,57,80,7,30,24,90,4
419,258,20190224,104,21,30,50,22,10,11,70,21
420,258,20190225,97,19,29,50,1,10,13,70,1
421,258,20190226,106,22,33,50,19,10,4,60,18
422,258,20190227,218,33,45,70,20,10,6,80,20
423,258,20190228,234,51,53,100,15,20,8,140,15
424,258,20190301,322,46,60,110,7,30,24,140,6
425,258,20190302,208,71,74,130,21,40,1,180,21
426,258,20190303,219,120,123,150,21,70,11,210,22
427,258,20190304,242,152,160,200,14,130,7,280,6
428,258,20190305,240,99,107,160,1,70,20,200,1
429,258,20190306,178,88,90,120,9,70,15,180,11
430,258,20190307,230,130,142,200,20,50,6,260,20
431,258,20190308,253,96,108,190,1,70,10,240,1
432,258,20190309,259,130,138,200,14,90,24,310,14
433,258,20190310,271,47,91,150,22,40,8,210,21
434,258,20190311,280,119,125,180,13,60,22,260,14
435,258,20190312,212,125,137,170,15,70,1,250,15
436,258,20190313,257,142,156,180,6,100,21,250,14
437,258,20190314,265,120,131,200,12,90,20,290,12
438,258,20190315,264,113,120,160,10,80,3,200,10
439,258,20190316,232,140,146,220,19,60,4,290,19
440,258,20190317,252,116,123,170,1,80,5,230,1
441,258,20190318,290,78,80,110,10,40,23,170,7
442,258,20190319,222,34,38,60,23,20,14,70,1
443,258,20190320,225,61,62,70,2,50,13,110,20
444,258,20190321,218,42,45,70,9,10,23,80,7
445,258,20190322,233,17,36,70,21,10,1,90,21
446,258,20190323,338,30,57,90,14,20,9,110,14
447,258,20190324,271,39,56,120,23,10,7,160,24
448,258,20190325,334,115,123,160,8,80,22,210,9
449,258,20190326,294,61,63,80,1,40,20,120,1
450,258,20190327,268,40,43,70,18,20,14,90,18
451,258,20190328,268,10,22,50,2,10,10,80,3
452,258,20190329,154,7,27,40,5,10,13,60,5
453,258,20190330,16,10,34,60,22,20,2,80,22
454,258,20190331,45,92,94,130,20,70,1,150,20
455,258,20190401,84,74,76,110,3,60,15,140,3
456,258,20190402,172,50,66,100,24,40,19,150,18
457,258,20190403,187,44,58,100,1,10,17,130,1
458,258,20190404,144,40,49,70,19,20,11,80,18
459,258,20190405,60,32,43,70,17,20,8,80,17
460,258,20190406,66,57,59,70,6,40,13,90,7
461,258,20190407,59,58,60,70,1,40,5,80,1
462,258,20190408,49,66,68,110,24,30,9,130,24
463,258,20190409,62,111,112,140,21,90,15,160,20
464,258,20190410,52,108,110,140,16,80,11,170,16
465,258,20190411,51,89,90,120,19,50,14,150,18
466,258,20190412,63,75,76,90,23,50,10,110,14
467,258,20190413,55,80,81,90,1,60,9,140,13
468,258,20190414,67,74,75,90,1,40,13,110,1
469,258,20190415,88,84,85,100,18,70,9,130,21
470,258,20190416,84,83,84,110,1,50,24,140,4
471,258,20190417,95,51,56,70,13,40,3,90,15
472,258,20190418,84,75,77,90,12,60,10,110,11
473,258,20190419,71,60,63,90,1,30,12,110,2
474,258,20190420,57,55,58,80,18,30,8,100,17
475,258,20190421,49,50,56,80,19,30,10,90,18
476,258,20190422,91,81,81,120,22,50,1,150,22
477,258,20190423,95,98,98,130,6,70,19,160,6
478,258,20190424,177,66,80,120,20,60,4,190,20
479,258,20190425,171,75,82,110,16,50,22,210,15
480,258,20190426,220,56,62,80,16,40,13,110,15
481,258,20190427,225,103,110,140,16,80,1,190,14
482,258,20190428,163,21,55,100,2,10,14,130,2
483,258,20190429,13,54,60,90,16,30,5,110,16
484,258,20190430,13,55,57,70,1,30,23,100,14
485,258,20190501,294,31,36,70,24,10,15,80,24
486,258,20190502,297,65,80,110,17,60,12,140,17
487,258,20190503,313,71,78,90,2,60,9,140,21
488,258,20190504,344,94,100,120,8,60,24,190,23
489,258,20190505,336,78,90,120,7,70,9,210,4
490,258,20190506,279,53,64,80,1,40,22,130,14
491,258,20190507,190,31,42,60,14,10,5,100,13
492,258,20190508,152,61,75,110,14,50,20,140,12
493,258,20190509,227,49,64,90,3,30,22,110,3
494,258,20190510,343,35,56,90,23,30,10,100,23
495,258,20190511,22,76,85,110,14,70,8,140,15
496,258,20190512,359,75,78,90,13,60,7,120,15
497,258,20190513,19,59,65,90,15,40,7,110,16
498,258,20190514,40,64,70,100,19,40,11,120,19
499,258,20190515,57,59,72,110,18,30,12,140,18
500,258,20190516,53,85,88,110,18,60,13,150,18
501,258,20190517,90,57,61,90,1,10,23,110,1
502,258,20190518,3,29,50,80,16,10,11,100,17
503,258,20190519,349,82,84,120,17,70,1,140,17
504,258,20190520,325,70,71,90,17,40,5,120,21
505,258,20190521,314,90,91,100,2,70,23,130,4
506,258,20190522,287,27,43,70,1,10,16,100,2
507,258,20190523,223,42,55,80,5,10,23,100,5
508,258,20190524,315,34,58,90,13,20,11,110,13
509,258,20190525,324,31,41,70,1,10,21,90,23
510,258,20190526,242,105,108,150,16,80,1,200,16
511,258,20190527,267,82,85,110,11,40,24,150,14
512,258,20190528,24,63,70,100,14,40,1,130,16
513,258,20190529,209,33,49,90,21,20,4,120,23
514,258,20190530,225,98,100,130,2,80,17,170,2
515,258,20190531,243,80,82,100,14,70,8,120,17
516,258,20190601,234,19,57,90,1,30,20,120,1
517,258,20190602,196,44,61,90,18,40,8,130,18
518,258,20190603,255,59,62,90,3,30,21,120,3
519,258,20190604,148,19,55,110,21,10,10,230,21
520,258,20190605,248,35,78,130,22,20,15,230,24
521,258,20190606,258,57,72,150,5,10,21,180,7
522,258,20190607,134,71,98,140,24,60,1,200,17
523,258,20190608,216,161,168,190,6,130,23,260,6
524,258,20190609,218,14,68,110,1,20,14,140,1
525,258,20190610,38,83,85,110,8,50,24,140,8
526,258,20190611,256,50,59,110,6,10,3,130,5
527,258,20190612,92,7,66,110,17,20,1,150,17
528,258,20190613,190,102,103,120,9,60,1,200,15
529,258,20190614,168,8,57,90,1,20,10,110,1
530,258,20190615,304,30,59,140,10,20,7,180,10
531,258,20190616,224,59,66,90,6,40,1,120,14
532,258,20190617,234,8,43,70,17,20,12,80,1
533,258,20190618,29,39,45,80,17,10,6,100,17
534,258,20190619,223,24,65,80,1,40,14,230,18
535,258,20190620,263,52,62,100,11,20,8,140,12
536,258,20190621,263,43,65,90,13,30,23,110,12
537,258,20190622,51,65,69,100,17,40,10,120,17
538,258,20190623,84,62,64,90,1,30,11,110,1
539,258,20190624,107,47,53,90,5,10,16,110,5
540,258,20190625,151,9,45,70,18,10,14,90,18
541,258,20190626,356,76,83,100,11,60,2,130,11
542,258,20190627,15,74,75,90,17,60,9,120,17
543,258,20190628,41,59,64,90,18,40,8,100,1
544,258,20190629,103,50,54,80,1,20,19,90,1
545,258,20190630,251,56,72,100,7,50,20,150,7
546,258,20190701,272,90,93,110,2,70,21,140,13
547,258,20190702,336,60,64,90,3,20,12,110,3
548,258,20190703,3,66,71,80,5,60,9,110,5
549,258,20190704,271,40,48,90,24,20,2,110,24
550,258,20190705,282,59,62,90,1,30,23,120,1
551,258,20190706,282,63,76,110,6,60,1,140,6
552,258,20190707,320,69,74,90,8,60,11,120,6
553,258,20190708,325,74,83,100,15,70,6,140,2
554,258,20190709,336,51,58,70,1,20,24,100,1
555,258,20190710,195,50,52,70,13,10,1,100,14
556,258,20190711,218,35,43,80,3,10,13,100,3
557,258,20190712,282,42,54,100,14,20,9,130,13
558,258,20190713,339,68,72,90,14,40,7,130,15
559,258,20190714,357,73,75,90,1,70,4,110,1
560,258,20190715,334,57,61,80,14,40,12,100,8
561,258,20190716,313,27,38,60,1,20,17,80,1
562,258,20190717,82,15,20,40,24,10,5,50,8
563,258,20190718,218,43,61,80,16,50,1,120,21
564,258,20190719,231,15,26,50,14,10,5,80,15
565,258,20190720,207,71,84,110,18,50,16,170,18
566,258,20190721,255,66,68,90,11,30,21,110,7
567,258,20190722,230,62,66,100,7,30,23,120,7
568,258,20190723,72,14,44,70,19,10,12,80,19
569,258,20190724,107,15,48,70,4,20,14,110,16
570,258,20190725,73,36,41,70,23,20,3,80,18
571,258,20190726,71,54,79,100,4,40,21,160,2
572,258,20190727,91,60,82,130,4,30,22,170,19
573,258,20190728,249,20,75,110,15,20,11,130,2
574,258,20190729,258,21,56,80,1,30,15,100,1
575,258,20190730,120,17,54,90,4,20,11,110,16
576,258,20190731,219,107,109,140,13,80,1,180,12
577,258,20190801,230,81,90,110,15,80,3,130,14
578,258,20190802,17,11,84,110,19,60,14,140,20
579,258,20190803,354,55,58,80,1,20,23,100,1
580,258,20190804,104,23,34,70,22,20,1,90,23
581,258,20190805,232,53,80,110,20,40,2,150,20
582,258,20190806,239,81,83,100,1,40,21,130,3
583,258,20190807,236,102,106,120,14,90,1,150,13
584,258,20190808,247,70,75,110,1,10,22,140,1
585,258,20190809,143,66,80,100,5,50,1,180,21
586,258,20190810,225,161,163,200,18,110,1,270,18
587,258,20190811,222,114,115,140,1,80,15,180,1
588,258,20190812,239,63,74,120,1,20,24,160,10
589,258,20190813,254,63,68,100,16,30,1,160,13
590,258,20190814,210,83,89,110,7,70,19,150,17
591,258,20190815,245,85,98,120,6,60,22,160,16
592,258,20190816,210,61,70,110,24,50,5,140,24
593,258,20190817,212,95,98,130,4,70,18,180,4
594,258,20190818,221,87,90,120,23,80,1,150,24
595,258,20190819,226,105,108,120,4,80,24,160,11
596,258,20190820,243,72,78,100,1,40,24,120,1
597,258,20190821,218,34,43,70,9,10,22,80,9
598,258,20190822,227,50,59,80,15,30,1,100,15
599,258,20190823,175,9,46,70,21,10,14,80,20
600,258,20190824,82,46,50,70,2,30,12,80,1
601,258,20190825,54,31,40,60,18,10,11,70,2
602,258,20190826,34,36,45,80,24,20,8,100,24
603,258,20190827,56,28,36,70,1,20,9,90,1
604,258,20190828,236,47,55,80,9,30,11,120,9
605,258,20190829,250,67,70,90,3,40,20,120,7
606,258,20190830,213,53,60,80,9,10,21,100,9
607,258,20190831,214,16,41,80,22,10,11,100,20
608,258,20190901,279,68,73,100,20,60,5,180,20
609,258,20190902,252,73,80,120,24,60,2,150,24
610,258,20190903,241,84,89,140,1,70,17,170,1
611,258,20190904,220,93,103,140,13,60,20,180,14
612,258,20190905,289,89,98,130,2,70,20,190,2
613,258,20190906,223,107,109,140,16,40,23,220,16
614,258,20190907,328,46,69,120,18,30,2,150,18
615,258,20190908,347,46,56,100,3,30,19,130,3
616,258,20190909,247,35,39,70,8,10,17,90,7
617,258,20190910,234,27,35,60,22,10,1,80,24
618,258,20190911,216,92,95,140,12,40,24,170,11
619,258,20190912,232,62,64,110,21,30,7,140,22
620,258,20190913,346,41,61,90,1,30,24,120,1
621,258,20190914,136,14,26,60,24,0,18,70,24
622,258,20190915,263,55,69,100,4,30,19,120,4
623,258,20190916,318,27,38,60,6,10,11,80,24
624,258,20190917,317,81,90,130,14,60,2,170,14
625,258,20190918,347,60,65,90,17,40,23,130,21
626,258,20190919,10,13,25,50,1,10,5,90,2
627,258,20190920,99,25,44,80,22,10,12,90,20
628,258,20190921,102,73,73,90,15,60,18,100,12
629,258,20190922,144,38,63,100,21,30,14,130,20
630,258,20190923,204,51,55,80,15,30,19,120,15
631,258,20190924,168,80,81,100,18,60,1,140,16
632,258,20190925,190,78,80,90,20,70,7,120,20
633,258,20190926,198,92,95,110,20,80,7,150,20
634,258,20190927,214,109,111,140,23,80,22,180,20
635,258,20190928,226,121,124,160,16,90,4,210,16
636,258,20190929,219,103,119,150,24,100,2,200,24
637,258,20190930,265,72,86,130,1,60,20,200,1
638,258,20191001,293,12,92,130,4,50,14,170,4
639,258,20191002,313,76,86,110,13,70,1,180,11
640,258,20191003,266,42,57,80,23,40,15,100,5
641,258,20191004,103,56,84,110,8,70,1,160,6
642,258,20191005,97,62,65,90,24,50,10,100,23
643,258,20191006,96,110,118,140,15,90,1,180,16
644,258,20191007,141,56,84,120,1,50,12,150,1
645,258,20191008,221,88,89,120,2,60,12,160,22
646,258,20191009,222,83,86,120,8,60,21,150,7
647,258,20191010,228,100,105,120,22,90,9,170,12
648,258,20191011,214,132,134,150,3,120,5,190,3
649,258,20191012,222,39,56,90,11,20,19,130,1
650,258,20191013,196,53,77,130,18,40,6,200,18
651,258,20191014,110,30,57,80,14,30,8,100,15
652,258,20191015,207,58,60,80,4,40,14,100,4
653,258,20191016,190,77,78,90,7,50,1,120,7
654,258,20191017,199,44,53,80,23,30,2,100,23
655,258,20191018,199,112,119,160,12,80,1,220,13
656,258,20191019,193,83,84,110,3,50,23,130,1
657,258,20191020,134,7,45,70,22,10,13,90,22
658,258,20191021,111,18,70,110,7,30,12,140,7
659,258,20191022,225,31,43,70,3,0,21,90,2
660,258,20191023,93,40,45,70,15,20,2,80,15
661,258,20191024,196,59,65,100,18,30,4,140,16
662,258,20191025,205,106,108,140,22,80,2,180,23
663,258,20191026,217,113,122,150,3,90,20,190,4
664,258,20191027,273,76,77,90,1,60,21,120,1
665,258,20191028,323,36,46,60,1,30,11,100,15
666,258,20191029,59,51,55,90,22,40,1,110,2
667,258,20191030,84,71,71,90,18,60,1,120,19
668,258,20191031,99,69,71,90,20,60,11,110,19
669,258,20191101,161,70,72,80,11,60,4,100,11
670,258,20191102,196,100,103,150,20,70,3,220,21
671,258,20191103,171,34,55,100,1,20,17,130,1
672,258,20191104,179,46,52,70,2,40,14,100,10
673,258,20191105,225,20,43,60,4,30,1,90,22
674,258,20191106,10,24,43,80,4,10,19,120,3
675,258,20191107,158,65,88,130,21,50,5,160,21
676,258,20191108,186,65,66,90,1,40,15,120,8
677,258,20191109,209,99,108,170,12,70,1,230,12
678,258,20191110,208,60,61,70,1,50,4,90,1
679,258,20191111,188,97,103,130,15,70,1,180,24
680,258,20191112,198,122,124,140,4,100,15,200,24
681,258,20191113,199,82,88,140,1,50,19,190,1
682,258,20191114,110,68,75,90,7,60,2,110,9
683,258,20191115,74,79,85,120,5,30,24,160,5
684,258,20191116,211,57,60,90,21,30,1,110,21
685,258,20191117,105,12,50,80,2,10,12,90,1
686,258,20191118,327,69,75,100,19,50,1,130,17
687,258,20191119,269,43,54,90,2,30,13,130,4
688,258,20191120,124,38,43,70,16,20,4,90,16
689,258,20191121,102,75,77,90,9,60,1,120,9
690,258,20191122,126,60,65,80,21,50,1,100,21
691,258,20191123,91,94,95,120,4,60,14,150,12
692,258,20191124,115,44,47,70,1,30,15,90,1
693,258,20191125,138,45,47,70,18,30,1,80,18
694,258,20191126,171,66,67,80,19,60,1,100,16
695,258,20191127,171,70,80,110,23,60,3,170,23
696,258,20191128,260,64,87,120,1,60,14,150,1
697,258,20191129,302,59,62,90,8,30,24,140,8
698,258,20191130,268,20,29,40,1,10,17,60,5
699,258,20191201,15,8,23,40,22,10,3,60,24
700,258,20191202,283,46,48,60,11,40,9,80,11
701,258,20191203,223,64,68,80,11,50,1,110,23
702,258,20191204,202,53,54,80,1,20,22,100,1
703,258,20191205,210,95,95,160,21,30,1,200,21
704,258,20191206,215,134,138,160,12,90,23,200,11
705,258,20191207,239,77,83,120,23,70,9,160,24
706,258,20191208,225,127,130,160,7,90,19,210,7
707,258,20191209,280,51,95,120,1,50,11,210,21
708,258,20191210,202,99,106,160,19,50,2,210,18
709,258,20191211,201,73,74,150,1,50,13,200,1
710,258,20191212,182,91,100,140,24,80,1,190,24
711,258,20191213,175,54,75,140,1,10,13,180,1
712,258,20191214,236,100,108,140,11,80,5,200,9
713,258,20191215,219,100,109,150,8,80,1,230,8
714,258,20191216,183,57,65,90,10,30,22,110,3
715,258,20191217,203,44,68,100,13,50,1,130,12
716,258,20191218,182,54,65,80,3,50,8,100,3
717,258,20191219,158,76,78,90,5,60,17,110,6
718,258,20191220,178,83,98,130,13,70,3,180,13
719,258,20191221,175,83,88,100,1,70,5,140,1
720,258,20191222,193,38,69,110,18,40,10,150,18
721,258,20191223,244,71,72,80,11,60,1,110,11
722,258,20191224,228,59,73,120,15,40,22,160,15
723,258,20191225,292,43,48,70,4,20,22,120,4
724,258,20191226,140,36,48,90,22,20,4,110,22
725,258,20191227,85,75,77,90,1,50,15,120,3
726,258,20191228,153,52,56,80,1,30,12,100,1
727,258,20191229,193,73,73,90,17,60,1,110,17
728,258,20191230,216,88,90,110,6,60,22,140,12
729,258,20191231,308,15,34,60,4,10,16,80,3
730,258,20200101,183,46,51,70,10,30,2,100,10
731,258,20200102,196,82,83,110,23,60,1,140,23
732,258,20200103,239,62,88,120,1,50,19,150,1
733,258,20200104,270,65,68,100,10,20,20,130,10
734,258,20200105,215,66,68,80,12,30,1,100,16
735,258,20200106,205,78,80,100,21,70,2,130,12
736,258,20200107,211,89,90,140,23,60,4,180,23
737,258,20200108,226,67,70,140,1,40,17,170,1
738,258,20200109,201,85,88,120,10,40,1,150,10
739,258,20200110,272,51,68,100,1,40,21,140,12
740,258,20200111,210,113,113,140,21,70,1,180,21
741,258,20200112,222,106,113,140,1,50,23,180,10
742,258,20200113,190,93,95,140,21,50,1,200,23
743,258,20200114,205,129,131,170,18,90,10,240,23
744,258,20200115,211,116,122,160,1,60,17,230,3
745,258,20200116,179,81,87,120,23,60,13,150,22
746,258,20200117,208,79,93,140,20,60,11,190,20
747,258,20200118,259,68,80,120,5,60,16,150,5
748,258,20200119,334,51,55,80,5,30,24,150,5
749,258,20200120,226,41,45,70,24,30,2,100,24
750,258,20200121,221,72,73,80,1,70,2,110,4
751,258,20200122,259,26,34,70,1,10,20,90,1
752,258,20200123,151,22,25,40,19,10,1,60,24
753,258,20200124,207,63,64,80,19,40,4,100,20
754,258,20200125,199,75,77,90,3,60,24,110,3
755,258,20200126,179,61,64,100,24,50,1,120,24
756,258,20200127,197,77,81,110,2,60,17,150,2
757,258,20200128,245,107,115,160,15,70,6,220,13
758,258,20200129,250,101,105,120,2,70,18,170,14
759,258,20200130,226,104,109,130,1,80,14,160,1
760,258,20200131,230,98,101,120,1,80,6,160,1
761,258,20200201,239,115,118,150,24,70,8,190,24
762,258,20200202,245,65,78,140,1,30,11,210,18
763,258,20200203,256,98,101,130,2,50,21,160,2
764,258,20200204,296,72,80,120,9,30,16,180,10
765,258,20200205,272,32,44,70,24,20,10,90,1
766,258,20200206,249,29,33,70,1,0,23,90,2
767,258,20200207,145,60,62,100,22,10,1,120,22
768,258,20200208,194,82,85,110,24,60,16,140,24
769,258,20200209,213,176,181,230,15,110,1,320,15
770,258,20200210,255,159,165,200,8,70,20,260,1
771,258,20200211,261,179,180,200,3,150,24,260,2
772,258,20200212,255,123,127,160,1,80,19,220,1
773,258,20200213,190,70,84,120,9,50,23,170,10
774,258,20200214,222,50,62,110,22,30,5,140,23
775,258,20200215,199,118,120,180,23,90,2,280,24
776,258,20200216,219,148,158,180,6,100,19,240,7
777,258,20200217,233,142,145,190,2,110,21,260,2
778,258,20200218,241,130,133,150,17,90,24,200,16
779,258,20200219,253,91,104,120,10,80,1,160,11
780,258,20200220,229,105,125,150,17,90,20,200,16
781,258,20200221,239,123,127,160,24,100,6,230,24
782,258,20200222,236,145,149,200,11,90,22,250,11
783,258,20200223,266,110,121,210,11,30,7,290,11
784,258,20200224,225,104,120,180,15,50,4,230,14
785,258,20200225,252,109,112,150,11,50,21,210,14
786,258,20200226,279,66,72,100,14,30,6,170,23
787,258,20200227,227,43,66,90,3,30,15,180,20
788,258,20200228,205,89,103,150,17,60,1,210,17
789,258,20200229,212,133,140,180,15,110,8,290,14
790,258,20200301,216,130,130,180,1,80,19,230,2
791,258,20200302,197,44,64,100,2,20,15,140,3
792,258,20200303,229,65,68,90,10,50,1,130,18
793,258,20200304,231,41,52,70,1,10,19,100,11
794,258,20200305,79,69,75,110,19,30,1,140,19
795,258,20200306,353,75,81,100,1,50,24,120,1
796,258,20200307,228,61,68,110,23,40,5,140,21
797,258,20200308,207,109,110,140,9,70,20,180,11
798,258,20200309,227,77,80,130,24,50,7,180,24
799,258,20200310,237,127,133,160,2,90,24,210,3
800,258,20200311,234,79,81,150,24,60,2,200,24
801,258,20200312,248,158,163,190,4,140,18,310,15
802,258,20200313,271,65,93,170,4,30,21,230,6
803,258,20200314,163,64,75,110,22,50,1,150,22
804,258,20200315,200,89,90,130,13,50,20,160,12
805,258,20200316,257,31,35,60,1,10,15,90,1
806,258,20200317,218,85,85,100,8,60,1,130,23
807,258,20200318,226,81,83,110,2,50,20,130,2
808,258,20200319,38,58,60,90,21,20,16,100,7
809,258,20200320,43,94,95,110,16,80,1,150,21
810,258,20200321,77,117,119,130,3,100,9,170,4
811,258,20200322,92,113,115,130,9,100,4,170,9
812,258,20200323,122,88,89,110,1,70,19,130,1
813,258,20200324,134,66,67,90,1,50,5,120,1
814,258,20200325,100,57,63,100,22,40,10,120,22
815,258,20200326,75,72,73,90,1,60,11,110,1
816,258,20200327,40,89,90,110,16,80,1,130,15
817,258,20200328,21,105,107,130,18,90,1,200,22
818,258,20200329,26,132,133,170,9,60,24,220,8
819,258,20200330,352,53,68,90,18,40,1,130,15
820,258,20200331,32,55,66,90,1,30,24,110,1
821,258,20200401,259,44,46,60,10,20,1,80,11
822,258,20200402,250,73,78,110,13,50,21,140,12
823,258,20200403,280,37,45,80,16,20,3,110,12
824,258,20200404,179,36,53,80,8,20,15,100,8
825,258,20200405,133,64,66,80,13,50,19,130,14
826,258,20200406,223,47,67,100,15,40,13,140,15
827,258,20200407,53,22,35,60,15,10,2,70,16
828,258,20200408,35,32,44,70,15,10,11,80,14
829,258,20200409,35,41,51,90,19,10,9,100,19
830,258,20200410,70,56,61,80,1,30,11,100,1
831,258,20200411,80,28,43,80,1,10,24,100,1
832,258,20200412,336,14,45,120,24,10,1,150,24
833,258,20200413,14,114,115,140,3,90,24,180,4
834,258,20200414,353,51,55,90,1,30,19,140,1
835,258,20200415,269,14,37,60,8,20,14,80,7
836,258,20200416,52,59,63,100,18,30,9,130,19
837,258,20200417,45,84,87,100,17,60,10,120,17
838,258,20200418,40,68,73,110,24,40,15,130,24
839,258,20200419,68,96,96,120,22,70,15,150,24
840,258,20200420,79,117,118,140,17,100,12,170,1
841,258,20200421,80,122,122,140,6,100,22,180,11
842,258,20200422,79,92,93,130,4,60,23,150,4
843,258,20200423,49,47,61,80,3,40,11,100,3
844,258,20200424,358,70,73,90,13,50,2,120,16
845,258,20200425,14,52,55,80,1,20,11,120,1
846,258,20200426,71,16,20,30,1,10,10,50,1
847,258,20200427,252,16,55,70,15,20,1,90,15
848,258,20200428,48,81,82,110,14,60,1,140,14
849,258,20200429,200,22,50,130,23,10,7,180,23
850,258,20200430,209,88,95,140,24,50,18,230,21
851,258,20200501,237,97,106,130,1,80,23,190,10
852,258,20200502,277,78,80,100,9,60,1,160,9
853,258,20200503,355,19,43,80,1,20,8,100,1
854,258,20200504,37,74,77,100,19,60,8,130,21
855,258,20200505,33,77,80,100,20,70,3,120,8
856,258,20200506,31,44,52,80,1,20,10,100,1
857,258,20200507,74,13,21,50,17,10,4,60,17
858,258,20200508,354,6,27,40,18,10,7,60,24
859,258,20200509,38,39,48,80,18,20,5,100,18
860,258,20200510,24,99,105,170,17,40,4,220,17
861,258,20200511,19,126,127,150,3,80,24,200,7
862,258,20200512,285,61,69,90,1,40,11,140,1
863,258,20200513,1,70,90,120,20,60,1,150,18
864,258,20200514,12,70,74,90,15,50,9,120,18
865,258,20200515,328,36,45,60,14,20,12,90,24
866,258,20200516,261,68,73,100,14,50,23,120,8
867,258,20200517,243,60,62,90,13,30,20,110,12
868,258,20200518,244,65,68,90,13,30,22,110,12
869,258,20200519,301,23,38,60,17,20,14,80,17
870,258,20200520,14,25,32,50,16,20,3,70,24
871,258,20200521,94,22,35,50,1,20,11,60,1
872,258,20200522,224,84,98,140,17,50,1,180,16
873,258,20200523,250,123,123,150,16,90,4,190,17
874,258,20200524,276,95,98,120,1,70,21,160,1
875,258,20200525,347,44,53,70,1,30,21,90,1
876,258,20200526,59,15,34,60,23,10,12,70,20
877,258,20200527,15,71,79,110,22,50,1,150,22
878,258,20200528,38,67,73,100,1,40,8,120,1
879,258,20200529,47,64,75,110,19,40,9,130,18
880,258,20200530,50,65,72,110,19,40,8,140,19
881,258,20200531,64,83,86,120,18,60,6,150,18
882,258,20200601,62,59,61,90,2,10,14,110,1
883,258,20200602,49,23,46,70,1,20,16,90,2
884,258,20200603,341,69,73,120,24,30,5,150,24
885,258,20200604,333,80,90,110,1,60,11,150,17
886,258,20200605,250,75,95,120,16,70,4,160,12
887,258,20200606,223,130,134,170,16,100,1,250,16
888,258,20200607,246,92,95,130,1,60,24,170,1
889,258,20200608,354,57,67,100,17,30,3,130,17
890,258,20200609,20,51,55,70,1,30,10,90,1
891,258,20200610,68,49,51,70,1,30,5,90,20
892,258,20200611,55,63,65,90,4,40,13,120,8
893,258,20200612,75,42,60,110,23,40,15,230,23
894,258,20200613,18,23,40,70,18,20,2,90,18
895,258,20200614,338,30,37,60,15,10,1,100,15
896,258,20200615,264,33,43,70,14,10,22,80,11
897,258,20200616,26,18,23,50,22,10,7,70,23
898,258,20200617,31,45,50,80,17,30,2,130,20
899,258,20200618,134,7,47,70,7,20,14,100,7
900,258,20200619,255,47,49,90,19,10,9,110,18
901,258,20200620,256,36,53,100,3,10,21,120,3
902,258,20200621,219,59,77,110,21,50,1,140,17
903,258,20200622,263,43,47,80,1,10,22,100,1
904,258,20200623,100,10,41,80,23,10,14,100,23
905,258,20200624,91,53,54,80,24,30,14,100,24
906,258,20200625,95,62,63,80,2,50,10,100,3
907,258,20200626,131,40,58,90,23,20,16,110,22
908,258,20200627,227,75,82,130,17,30,3,180,17
909,258,20200628,234,131,133,150,9,120,1,200,9
910,258,20200629,229,135,137,160,19,110,4,220,21
911,258,20200630,252,101,103,140,1,40,17,190,3
912,258,20200701,243,83,85,120,14,40,2,150,14
913,258,20200702,252,78,80,100,10,50,21,120,9
914,258,20200703,242,99,102,160,18,40,4,210,18
915,258,20200704,227,136,138,150,1,120,21,200,1
916,258,20200705,239,140,144,170,5,120,18,230,5
917,258,20200706,280,103,106,150,3,60,22,200,3
918,258,20200707,253,53,60,90,9,10,21,120,9
919,258,20200708,170,12,35,60,1,10,11,80,1
920,258,20200709,234,56,78,110,11,50,1,140,7
921,258,20200710,348,63,75,120,4,40,23,150,4
922,258,20200711,308,35,43,70,15,20,10,90,15
923,258,20200712,358,27,37,50,3,10,11,60,3
924,258,20200713,219,22,30,50,18,10,7,70,18
925,258,20200714,275,25,43,60,7,20,4,90,19
926,258,20200715,321,31,40,60,1,20,11,80,1
927,258,20200716,312,31,46,80,15,20,9,100,15
928,258,20200717,253,19,28,40,1,10,20,60,4
929,258,20200718,230,21,33,50,7,0,1,70,17
930,258,20200719,301,30,60,90,18,20,2,120,20
931,258,20200720,326,56,61,70,2,50,21,100,8
932,258,20200721,294,52,53,70,3,30,10,100,16
933,258,20200722,334,31,38,60,1,10,21,80,4
934,258,20200723,219,60,68,90,9,30,1,120,8
935,258,20200724,259,57,61,90,1,40,20,120,1
936,258,20200725,214,77,80,100,8,60,1,140,11
937,258,20200726,246,89,91,110,1,70,20,160,6
938,258,20200727,194,65,79,120,23,50,21,170,19
939,258,20200728,260,90,92,120,1,70,17,150,1
940,258,20200729,272,71,73,110,11,30,22,140,11
941,258,20200730,165,17,37,70,7,10,13,90,6
942,258,20200731,99,57,58,80,22,40,1,100,21
943,258,20200801,245,47,57,90,7,30,3,110,6
944,258,20200802,268,51,60,90,5,30,21,100,5
945,258,20200803,278,26,47,60,7,20,1,90,21
946,258,20200804,257,23,48,80,24,20,12,100,23
947,258,20200805,208,62,69,110,4,20,20,140,8
948,258,20200806,25,4,35,60,21,10,12,80,23
949,258,20200807,64,32,40,60,1,20,9,70,1
950,258,20200808,43,29,35,60,17,10,11,100,24
951,258,20200809,44,58,59,90,22,20,9,100,21
952,258,20200810,63,47,50,80,1,20,12,100,1
953,258,20200811,84,54,56,80,3,20,20,100,5
954,258,20200812,59,34,48,70,16,30,11,90,16
955,258,20200813,83,24,48,80,21,20,12,110,21
956,258,20200814,77,18,33,60,2,10,21,130,2
957,258,20200815,186,4,36,70,22,10,2,90,22
958,258,20200816,85,27,45,90,20,30,8,220,19
959,258,20200817,188,19,40,80,16,10,11,190,16
960,258,20200818,235,62,67,90,15,40,20,130,13
961,258,20200819,175,50,56,80,23,40,13,120,22
962,258,20200820,179,51,70,100,2,30,24,140,1
963,258,20200821,224,88,100,130,17,20,1,170,7
964,258,20200822,233,128,129,150,18,110,2,200,10
965,258,20200823,250,88,95,110,1,60,21,160,6
966,258,20200824,264,75,78,120,13,20,24,150,14
967,258,20200825,197,97,108,180,24,30,1,250,24
968,258,20200826,262,144,151,200,2,50,24,260,1
969,258,20200827,136,26,48,100,24,10,8,120,21
970,258,20200828,209,82,88,130,6,60,16,170,6
971,258,20200829,230,87,92,120,9,50,23,150,9
972,258,20200830,360,97,104,140,15,50,1,180,16
973,258,20200831,357,48,53,100,1,30,8,120,1
974,258,20200901,328,19,30,50,19,10,8,70,15
975,258,20200902,68,13,23,50,24,10,9,60,24
976,258,20200903,216,83,90,130,12,30,22,160,10
977,258,20200904,247,62,64,90,16,40,4,110,16
978,258,20200905,272,65,68,90,11,40,2,140,9
979,258,20200906,259,40,47,80,11,10,14,120,11
980,258,20200907,232,61,65,100,23,30,1,130,24
981,258,20200908,223,71,72,110,2,50,14,130,1
982,258,20200909,255,51,65,80,5,40,22,110,5
983,258,20200910,256,10,29,50,23,10,12,60,23
984,258,20200911,234,33,41,60,12,0,7,80,12
985,258,20200912,236,66,72,100,8,20,20,130,10
986,258,20200913,212,70,71,100,6,30,22,130,6
987,258,20200914,69,22,33,60,19,10,11,70,19
988,258,20200915,84,25,30,40,1,20,8,60,24
989,258,20200916,11,81,84,110,19,50,2,140,20
990,258,20200917,63,85,88,110,21,70,1,130,20
991,258,20200918,78,95,96,110,20,80,18,130,21
992,258,20200919,73,81,82,100,1,60,14,120,1
993,258,20200920,53,65,67,90,3,50,10,110,4
994,258,20200921,35,30,40,70,1,10,11,80,1
995,258,20200922,220,9,21,40,3,10,6,50,3
996,258,20200923,202,73,76,100,15,50,1,170,22
997,258,20200924,204,92,105,140,2,40,18,190,3
998,258,20200925,179,93,110,150,15,70,21,180,13
999,258,20200926,3,68,74,170,23,20,8,220,24
1000,258,20200927,30,46,61,150,1,10,15,190,1
1001,258,20200928,196,43,45,60,21,30,7,80,21
1002,258,20200929,226,24,35,60,1,10,19,70,1
1003,258,20200930,173,51,56,80,10,30,14,110,10
1004,258,20201001,166,66,76,110,17,60,2,180,17
1005,258,20201002,87,89,94,140,22,40,3,170,22
1006,258,20201003,126,55,85,130,2,30,13,160,2
1007,258,20201004,168,102,108,150,12,80,3,190,11
1008,258,20201005,176,103,106,130,8,70,16,170,8
1009,258,20201006,216,83,88,110,6,50,23,160,6
1010,258,20201007,249,71,75,110,14,50,5,140,12
1011,258,20201008,227,73,98,140,9,40,22,190,13
1012,258,20201009,240,56,61,90,17,30,1,160,23
1013,258,20201010,258,63,67,110,9,10,16,160,7
1014,258,20201011,289,56,63,90,16,50,9,130,16
1015,258,20201012,242,29,45,70,22,20,12,110,16
1016,258,20201013,117,55,72,90,20,60,7,110,20
1017,258,20201014,42,87,88,110,12,70,2,150,17
1018,258,20201015,37,76,77,90,1,60,23,120,1
1019,258,20201016,46,31,36,70,2,10,12,80,1
1020,258,20201017,218,17,22,40,9,10,6,60,9
1021,258,20201018,276,27,33,50,9,20,16,90,12
1022,258,20201019,181,46,56,70,6,30,1,90,6
1023,258,20201020,175,71,75,90,4,60,24,120,4
1024,258,20201021,200,87,101,180,19,60,2,240,19
1025,258,20201022,214,87,88,100,3,60,24,130,3
1026,258,20201023,205,62,63,90,21,40,5,120,22
1027,258,20201024,198,98,101,140,24,80,6,190,24
1028,258,20201025,198,98,99,140,2,70,15,240,5
1029,258,20201026,204,100,102,130,8,80,1,170,9
1030,258,20201027,199,111,114,140,19,90,15,180,18
1031,258,20201028,212,107,110,140,17,70,2,190,13
1032,258,20201029,232,84,92,120,20,70,13,160,21
1033,258,20201030,234,104,105,130,5,60,24,160,1
1034,258,20201031,195,72,80,120,21,60,7,160,21
1035,258,20201101,203,99,103,140,16,70,1,210,16
1036,258,20201102,225,128,132,150,12,110,19,240,13
1037,258,20201103,230,100,110,160,15,80,6,230,15
1038,258,20201104,262,56,58,100,1,30,19,130,1
1039,258,20201105,240,41,43,60,9,30,17,70,7
1040,258,20201106,116,35,43,80,20,20,1,100,22
1041,258,20201107,125,33,43,60,1,20,11,80,1
1042,258,20201108,115,37,41,60,7,30,16,70,7
1043,258,20201109,108,44,45,60,14,30,1,70,14
1044,258,20201110,107,46,47,70,8,20,22,80,5
1045,258,20201111,167,46,49,80,22,20,1,110,22
1046,258,20201112,201,74,83,100,4,60,17,140,4
1047,258,20201113,195,69,74,100,11,20,24,120,11
1048,258,20201114,184,68,69,100,19,30,1,150,24
1049,258,20201115,193,110,115,150,23,90,2,210,15
1050,258,20201116,226,99,103,140,2,70,19,180,3
1051,258,20201117,222,99,101,120,4,80,16,160,9
1052,258,20201118,205,88,96,130,20,70,4,190,23
1053,258,20201119,286,82,100,140,7,60,20,190,6
1054,258,20201120,231,58,73,110,19,30,10,140,19
1055,258,20201121,216,106,110,140,7,80,18,180,8
1056,258,20201122,250,60,63,100,1,50,9,120,1
1057,258,20201123,228,57,63,80,18,50,1,100,2
1058,258,20201124,189,73,75,100,24,50,18,130,5
1059,258,20201125,192,76,77,100,1,50,18,130,1
1060,258,20201126,237,13,24,70,1,10,12,90,1
1061,258,20201127,97,36,41,50,7,20,3,70,11
1062,258,20201128,91,77,77,90,11,50,1,120,22
1063,258,20201129,109,42,49,80,3,30,18,100,1
1064,258,20201130,213,76,85,120,17,50,1,150,15
1065,258,20201201,357,65,79,110,6,50,4,160,6
1066,258,20201202,158,33,46,80,22,20,11,100,22
1067,258,20201203,175,85,93,120,23,80,1,170,23
1068,258,20201204,155,94,100,130,4,50,24,190,13
1069,258,20201205,157,41,46,60,1,20,7,90,15
1070,258,20201206,40,33,49,60,3,30,13,80,8
1071,258,20201207,223,58,70,110,15,40,3,150,15
1072,258,20201208,125,26,31,60,1,10,21,80,1
1073,258,20201209,173,49,52,80,17,20,1,100,16
1074,258,20201210,133,60,63,90,19,50,3,110,19
1075,258,20201211,129,88,89,110,6,70,19,140,7
1076,258,20201212,101,26,40,70,1,10,24,80,1
1077,258,20201213,174,59,61,110,22,20,1,150,24
1078,258,20201214,181,81,83,110,1,60,15,140,1
1079,258,20201215,187,58,59,70,1,50,10,90,1
1080,258,20201216,157,56,58,80,23,40,9,100,23
1081,258,20201217,204,79,80,90,10,50,4,120,14
1082,258,20201218,184,90,90,100,8,80,1,150,9
1083,258,20201219,180,91,93,110,1,70,16,150,10
1084,258,20201220,195,76,78,100,21,60,3,120,21
1085,258,20201221,182,86,90,110,15,70,4,150,14
1086,258,20201222,238,58,68,130,7,30,15,170,6
1087,258,20201223,126,21,48,70,19,20,1,110,24
1088,258,20201224,6,73,83,130,3,40,8,190,24
1089,258,20201225,334,47,58,80,1,40,3,140,7
1090,258,20201226,211,122,123,190,24,60,1,250,24
1091,258,20201227,193,136,138,200,6,50,20,260,6
1092,258,20201228,148,46,59,80,19,20,23,110,19
1093,258,20201229,251,34,55,100,24,20,7,120,23
1094,258,20201230,227,77,78,100,24,60,6,130,1
1095,258,20201231,235,39,40,100,1,20,13,130,1
1096,258,20210101,236,41,43,50,4,30,14,80,7
1097,258,20210102,214,30,42,60,2,10,22,70,2
1098,258,20210103,53,76,78,120,21,30,1,160,21
1099,258,20210104,50,120,120,130,6,110,1,160,6
1100,258,20210105,54,92,93,100,1,80,14,140,1
1101,258,20210106,17,44,58,100,2,30,23,120,1
1102,258,20210107,308,45,50,70,12,30,23,100,11
1103,258,20210108,329,27,33,40,6,20,13,50,6
1104,258,20210109,290,39,40,50,8,30,3,100,13
1105,258,20210110,224,59,60,90,24,30,3,110,23
1106,258,20210111,224,107,110,120,10,90,1,150,7
1107,258,20210112,293,62,73,110,1,50,18,140,13
1108,258,20210113,293,59,73,90,11,60,1,130,7
1109,258,20210114,70,57,62,90,19,30,5,110,18
1110,258,20210115,345,7,33,60,1,10,12,90,1
1111,258,20210116,195,70,73,100,12,30,1,150,15
1112,258,20210117,246,41,52,80,1,40,8,90,1
1113,258,20210118,225,75,77,100,23,50,2,120,23
1114,258,20210119,221,117,122,150,19,80,13,190,23
1115,258,20210120,198,117,119,140,21,90,16,200,21
1116,258,20210121,209,123,130,190,5,30,22,340,5
1117,258,20210122,231,78,82,110,12,50,19,140,14
1118,258,20210123,209,49,57,110,9,10,18,150,9
1119,258,20210124,257,22,37,50,7,20,23,90,10
1120,258,20210125,256,46,55,130,24,10,4,190,24
1121,258,20210126,261,48,65,130,1,20,12,180,1
1122,258,20210127,225,68,75,120,4,30,24,160,4
1123,258,20210128,102,54,62,100,13,10,3,120,13
1124,258,20210129,277,30,95,120,9,50,7,170,17
1125,258,20210130,75,87,89,110,7,70,3,140,7
1126,258,20210131,88,76,78,110,18,50,9,130,18
1127,258,20210201,57,34,51,90,1,20,14,110,1
1128,258,20210202,107,50,55,90,13,20,1,100,10
1129,258,20210203,218,56,61,90,4,40,13,130,1
1130,258,20210204,209,13,58,100,5,30,12,120,4
1131,258,20210205,97,72,73,100,9,50,15,120,4
1132,258,20210206,80,132,133,180,24,70,1,230,24
1133,258,20210207,67,177,178,190,3,160,18,250,11
1134,258,20210208,65,118,118,160,2,70,19,200,2
1135,258,20210209,59,87,88,120,2,60,14,140,1
1136,258,20210210,53,60,63,90,1,40,14,120,1
1137,258,20210211,93,20,29,50,1,10,6,70,21
1138,258,20210212,81,96,97,110,16,60,1,140,12
1139,258,20210213,107,83,85,100,20,70,14,130,21
1140,258,20210214,142,83,83,100,9,60,4,140,20
1141,258,20210215,191,81,86,110,3,60,23,140,4
1142,258,20210216,195,71,75,100,19,50,17,130,19
1143,258,20210217,207,76,79,90,11,60,6,110,11
1144,258,20210218,177,71,83,100,15,60,20,160,15
1145,258,20210219,187,74,77,90,4,60,8,120,6
1146,258,20210220,164,78,79,100,18,60,11,130,18
1147,258,20210221,164,51,56,80,1,10,16,100,1
1148,258,20210222,185,58,60,70,2,40,22,90,4
1149,258,20210223,198,67,69,80,10,50,3,100,13
1150,258,20210224,193,72,74,90,1,50,18,120,1
1151,258,20210225,233,35,58,80,1,20,23,90,1
1152,258,20210226,308,38,41,60,18,30,1,80,18
1153,258,20210227,309,9,15,40,1,0,19,60,1
1154,258,20210228,44,32,38,80,24,10,1,100,24
1155,258,20210301,84,67,68,80,2,40,14,100,1
1156,258,20210302,86,55,57,80,1,30,23,100,1
1157,258,20210303,278,22,32,40,1,20,8,60,12
1158,258,20210304,4,60,64,110,22,30,1,140,22
1159,258,20210305,25,52,55,90,2,10,13,110,1
1160,258,20210306,355,24,28,50,18,10,6,60,17
1161,258,20210307,290,38,40,60,18,20,2,80,15
1162,258,20210308,230,43,56,100,23,20,11,130,24
1163,258,20210309,299,36,51,100,1,10,22,130,1
1164,258,20210310,195,96,98,170,24,10,1,210,21
1165,258,20210311,233,154,161,240,11,110,19,340,11
1166,258,20210312,231,119,123,150,14,90,18,210,14
1167,258,20210313,245,139,152,200,16,100,24,290,14
1168,258,20210314,275,77,79,100,1,50,6,170,21
1169,258,20210315,316,91,93,110,10,50,2,150,9
1170,258,20210316,328,51,55,90,1,20,19,120,2
1171,258,20210317,359,77,78,100,7,40,24,140,8
1172,258,20210318,357,49,59,110,22,20,3,150,22
1173,258,20210319,27,70,74,90,1,50,13,120,17
1174,258,20210320,258,36,53,80,23,20,5,110,19
1175,258,20210321,340,88,93,120,10,80,2,150,7
1176,258,20210322,328,39,46,80,1,0,19,110,3
1177,258,20210323,227,48,50,60,9,40,1,90,15
1178,258,20210324,224,50,54,70,2,30,21,100,15
1179,258,20210325,214,51,53,70,15,40,1,90,15
1180,258,20210326,201,83,91,110,22,70,1,210,22
1181,258,20210327,251,107,113,140,7,70,21,200,9
1182,258,20210328,223,116,118,150,14,90,1,190,14
1183,258,20210329,234,82,85,120,10,60,16,160,10
1184,258,20210330,188,18,39,50,1,10,17,70,1
1185,258,20210331,86,9,23,40,1,10,11,60,16
1186,258,20210401,13,78,82,110,7,20,1,140,7
1187,258,20210402,360,93,97,120,21,80,7,150,21
1188,258,20210403,3,86,87,110,1,70,22,140,1
1189,258,20210404,257,61,79,140,23,40,6,170,23
1190,258,20210405,311,129,138,180,22,110,18,260,22
1191,258,20210406,314,107,109,130,1,90,7,200,18
1192,258,20210407,302,105,111,160,8,70,22,210,8
1193,258,20210408,234,82,88,120,22,60,3,150,22
1194,258,20210409,248,46,73,120,1,30,20,140,1
1195,258,20210410,46,91,93,150,22,50,1,180,21
1196,258,20210411,347,90,97,140,1,50,21,180,1
1197,258,20210412,280,60,64,100,15,30,5,160,12
1198,258,20210413,312,41,50,80,11,20,23,110,10
1199,258,20210414,7,51,54,100,16,20,1,130,17
1200,258,20210415,34,51,55,90,19,30,2,110,19
1201,258,20210416,18,63,66,90,15,30,10,110,15
1202,258,20210417,360,69,72,90,11,40,24,110,11
1203,258,20210418,358,40,43,80,17,10,6,90,16
1204,258,20210419,30,34,41,60,1,20,10,80,2
1205,258,20210420,10,32,38,60,15,10,7,80,15
1206,258,20210421,5,81,83,110,15,40,1,140,16
1207,258,20210422,351,69,70,80,1,50,23,120,4
1208,258,20210423,348,42,50,80,20,30,11,90,20
1209,258,20210424,32,67,68,100,20,40,3,120,20
1210,258,20210425,23,73,75,90,1,30,14,120,1
1211,258,20210426,36,62,68,90,16,40,10,120,16
1212,258,20210427,77,59,61,80,1,40,16,100,1
1213,258,20210428,41,81,84,130,19,50,8,160,19
1214,258,20210429,337,79,96,130,9,50,24,160,9
1215,258,20210430,345,30,35,60,2,20,8,70,2
1216,258,20210501,294,54,69,110,22,40,8,140,23
1217,258,20210502,307,66,70,100,1,50,22,140,1
1218,258,20210503,217,81,88,170,24,60,1,230,24
1219,258,20210504,244,154,164,200,12,120,22,270,12
1220,258,20210505,276,111,114,150,11,70,23,230,13
1221,258,20210506,243,43,56,80,1,20,18,130,15
1222,258,20210507,268,60,65,100,16,40,3,120,14
1223,258,20210508,177,68,74,110,15,40,1,150,15
1224,258,20210509,182,43,58,90,13,20,23,150,13
1225,258,20210510,200,32,60,120,7,20,20,200,9
1226,258,20210511,32,23,45,70,19,30,2,100,17
1227,258,20210512,277,25,50,90,6,30,1,110,6
1228,258,20210513,37,51,54,90,19,30,1,100,18
1229,258,20210514,12,33,36,60,1,20,23,70,1
1230,258,20210515,156,26,33,50,6,10,1,70,7
1231,258,20210516,214,54,62,100,10,40,18,160,10
1232,258,20210517,266,32,54,90,16,20,3,120,1
1233,258,20210518,281,32,38,70,15,20,7,100,14
1234,258,20210519,256,46,58,90,13,40,16,120,12
1235,258,20210520,207,57,70,120,23,40,4,190,19
1236,258,20210521,222,157,158,190,19,110,3,250,11
1237,258,20210522,245,108,120,170,1,60,21,230,3
1238,258,20210523,220,56,69,130,11,40,22,190,11
1239,258,20210524,193,69,74,120,5,20,18,180,4
1240,258,20210525,250,81,85,110,12,50,9,140,11
1241,258,20210526,262,88,93,130,15,70,1,180,15
1242,258,20210527,315,78,86,100,2,50,24,130,4
1243,258,20210528,18,34,38,80,21,10,7,100,21
1244,258,20210529,11,49,55,90,16,20,8,100,15
1245,258,20210530,36,48,55,80,17,30,5,100,17
1246,258,20210531,40,35,43,60,24,30,8,70,1
1247,258,20210601,81,59,60,80,24,40,12,100,24
1248,258,20210602,53,52,56,80,1,30,11,100,1
1249,258,20210603,230,45,52,80,16,30,23,110,4
1250,258,20210604,341,38,54,80,17,30,5,90,17
1251,258,20210605,321,53,61,90,2,30,8,110,3
1252,258,20210606,342,61,67,80,10,50,1,100,9
1253,258,20210607,5,52,59,90,16,40,5,100,16
1254,258,20210608,48,32,38,60,20,20,6,70,20
1255,258,20210609,256,21,33,70,16,10,5,90,13
1256,258,20210610,242,27,40,60,5,10,22,90,17
1257,258,20210611,251,61,63,80,17,40,2,110,17
1258,258,20210612,303,65,71,90,14,60,5,130,14
1259,258,20210613,288,5,29,60,1,20,7,80,1
1260,258,20210614,259,15,62,90,17,40,1,120,17
1261,258,20210615,29,42,49,70,23,30,9,80,1
1262,258,20210616,76,33,44,60,1,30,12,80,1
1263,258,20210617,255,16,60,100,15,30,11,140,15
1264,258,20210618,58,36,54,80,7,20,5,150,18
1265,258,20210619,251,33,81,120,6,30,17,160,5
1266,258,20210620,7,44,63,110,23,20,4,140,24
1267,258,20210621,29,100,101,140,8,70,23,170,7
1268,258,20210622,18,81,82,100,2,70,8,120,2
1269,258,20210623,18,57,60,70,5,40,12,100,20
1270,258,20210624,12,21,30,40,1,10,17,70,8
1271,258,20210625,214,49,53,90,14,30,2,110,13
1272,258,20210626,49,35,48,90,20,10,2,110,18
1273,258,20210627,53,63,75,100,19,40,21,120,19
1274,258,20210628,26,38,51,80,1,20,10,90,1
1275,258,20210629,5,68,72,110,21,30,8,140,20
1276,258,20210630,339,54,67,100,1,50,12,130,1
1277,258,20210701,277,63,66,80,5,50,23,100,5
1278,258,20210702,265,16,43,60,4,20,10,80,5
1279,258,20210703,106,21,36,50,6,10,24,110,19
1280,258,20210704,276,17,32,70,16,10,8,80,15
1281,258,20210705,205,56,64,90,5,40,1,120,5
1282,258,20210706,207,106,115,150,12,50,1,240,15
1283,258,20210707,220,54,62,90,1,20,22,130,1
1284,258,20210708,254,26,34,60,15,20,1,80,15
1285,258,20210709,304,20,32,60,14,10,3,80,14
1286,258,20210710,11,18,32,70,23,10,12,80,22
1287,258,20210711,31,13,31,60,18,10,9,80,17
1288,258,20210712,41,37,41,90,18,10,2,100,16
1289,258,20210713,354,73,74,90,23,60,1,110,23
1290,258,20210714,346,100,102,130,19,80,4,170,21
1291,258,20210715,4,120,120,130,1,100,23,170,2
1292,258,20210716,356,78,80,100,1,70,11,120,1
1293,258,20210717,347,70,72,90,5,30,24,110,5
1294,258,20210718,345,40,53,90,13,30,9,110,13
1295,258,20210719,8,50,53,70,15,20,1,100,23
1296,258,20210720,47,37,40,70,21,10,9,90,1
1297,258,20210721,48,13,37,60,1,20,7,70,1
1298,258,20210722,11,53,56,70,14,40,1,90,14
1299,258,20210723,48,44,48,80,22,10,13,100,24
1300,258,20210724,81,33,56,100,6,30,13,130,6
1301,258,20210725,229,18,39,60,1,20,14,80,1
1302,258,20210726,204,33,48,90,15,20,7,120,14
1303,258,20210727,214,66,69,80,2,50,19,150,17
1304,258,20210728,220,117,120,160,19,70,1,200,18
1305,258,20210729,237,124,125,150,9,100,24,190,1
1306,258,20210730,213,81,85,140,22,30,18,190,22
1307,258,20210731,255,103,106,140,1,60,24,190,1
1308,258,20210801,285,45,61,80,3,30,11,90,2
1309,258,20210802,313,40,46,60,1,20,24,90,14
1310,258,20210803,39,26,36,70,21,20,1,80,21
1311,258,20210804,68,47,50,70,5,20,11,100,16
1312,258,20210805,115,36,37,70,23,10,15,90,23
1313,258,20210806,210,85,93,120,18,70,1,160,13
1314,258,20210807,197,74,77,110,2,30,14,170,18
1315,258,20210808,220,119,121,150,10,70,2,190,10
1316,258,20210809,216,101,102,120,1,90,10,160,10
1317,258,20210810,236,68,72,100,1,40,21,130,2
1318,258,20210811,222,40,44,70,8,10,23,80,4
1319,258,20210812,226,37,44,60,7,30,1,80,7
1320,258,20210813,240,79,81,100,9,40,1,130,9
1321,258,20210814,239,74,76,100,14,50,21,120,11
1322,258,20210815,238,73,75,110,23,50,6,140,23
1323,258,20210816,286,103,105,140,17,50,4,190,17
1324,258,20210817,269,67,69,100,1,40,15,140,10
1325,258,20210818,258,72,73,100,15,40,3,130,15
1326,258,20210819,253,66,67,80,1,50,5,120,20
1327,258,20210820,233,27,42,70,1,10,20,90,1
1328,258,20210821,104,19,33,60,22,20,1,70,22
1329,258,20210822,345,46,67,110,19,10,2,140,19
1330,258,20210823,31,82,84,100,1,70,11,130,1
1331,258,20210824,31,73,75,100,20,50,13,110,3
1332,258,20210825,344,52,63,110,24,30,9,150,24
1333,258,20210826,354,86,91,100,1,70,13,140,1
1334,258,20210827,357,97,99,120,8,80,22,190,8
1335,258,20210828,12,94,95,110,9,80,1,150,9
1336,258,20210829,360,92,95,120,9,70,24,150,8
1337,258,20210830,3,80,82,110,15,60,9,130,13
1338,258,20210831,1,74,75,90,2,60,22,110,9
1339,258,20210901,359,40,42,60,1,20,11,90,1
1340,258,20210902,25,38,42,70,20,20,3,70,19
1341,258,20210903,44,58,60,90,18,40,6,110,19
1342,258,20210904,61,62,64,90,20,40,16,100,8
1343,258,20210905,77,47,48,80,1,10,16,90,1
1344,258,20210906,88,19,22,40,1,10,12,50,1
1345,258,20210907,110,17,26,50,24,10,11,60,24
1346,258,20210908,97,51,52,60,5,40,20,70,3
1347,258,20210909,158,16,40,60,1,10,21,100,15
1348,258,20210910,215,40,44,70,23,20,1,100,13
1349,258,20210911,237,78,82,90,2,70,14,130,12
1350,258,20210912,263,49,63,90,2,50,11,110,2
1351,258,20210913,60,30,38,80,23,10,10,100,23
1352,258,20210914,89,56,57,80,1,20,22,90,1
1353,258,20210915,261,47,58,90,17,30,1,120,17
1354,258,20210916,283,60,61,80,1,30,22,110,1
1355,258,20210917,261,16,28,60,15,0,4,80,14
1356,258,20210918,97,34,36,70,22,20,1,90,22
1357,258,20210919,98,81,82,90,5,60,1,110,5
1358,258,20210920,87,57,58,80,1,30,23,110,1
1359,258,20210921,244,44,48,80,16,20,1,90,13
1360,258,20210922,235,63,65,90,21,40,1,120,23
1361,258,20210923,258,84,92,130,9,40,22,170,10
1362,258,20210924,237,77,78,100,14,50,1,130,14
1363,258,20210925,201,37,46,70,1,20,17,90,3
1364,258,20210926,168,33,42,60,3,20,18,70,2
1365,258,20210927,204,64,78,130,16,40,1,190,16
1366,258,20210928,188,63,68,80,2,50,16,110,5
1367,258,20210929,241,62,88,100,5,60,10,160,15
1368,258,20210930,218,97,106,140,20,60,7,180,19
1369,258,20211001,198,100,102,130,1,40,24,170,1
1370,258,20211002,177,76,80,170,21,30,2,310,21
1371,258,20211003,214,79,83,130,22,30,9,170,1
1372,258,20211004,192,91,94,120,1,60,19,150,1
1373,258,20211005,182,85,95,120,21,80,6,180,23
1374,258,20211006,236,38,60,120,2,10,20,150,1
1375,258,20211007,136,22,29,70,17,10,1,80,17
1376,258,20211008,80,29,34,70,24,20,2,80,21
1377,258,20211009,94,48,50,80,8,20,24,100,8
1378,258,20211010,268,14,30,80,21,0,3,100,20
1379,258,20211011,305,50,53,80,17,40,3,120,16
1380,258,20211012,334,59,73,90,13,50,24,130,14
1381,258,20211013,278,47,57,90,20,40,3,110,20
1382,258,20211014,249,72,74,110,13,40,5,160,20
1383,258,20211015,308,55,71,110,6,30,22,160,5
1384,258,20211016,223,55,58,100,19,20,1,130,20
1385,258,20211017,206,74,75,90,1,70,5,110,1
1386,258,20211018,186,67,68,80,9,60,3,100,6
1387,258,20211019,205,86,88,110,16,60,3,140,20
1388,258,20211020,219,109,113,150,12,50,24,220,12
1389,258,20211021,282,90,104,190,3,50,1,290,3
1390,258,20211022,277,92,98,140,8,40,23,200,5
1391,258,20211023,203,42,53,70,20,10,8,90,21
1392,258,20211024,178,61,63,80,6,40,13,110,22
1393,258,20211025,203,69,71,80,3,40,18,110,2
1394,258,20211026,214,83,84,100,20,60,1,130,20
1395,258,20211027,211,88,89,100,1,70,22,130,12
1396,258,20211028,180,70,71,90,24,40,12,120,24
1397,258,20211029,181,91,93,110,19,70,23,140,13
1398,258,20211030,178,70,78,110,13,50,4,140,12
1399,258,20211031,178,73,81,110,22,50,2,170,18
1400,258,20211101,200,109,110,140,9,60,24,190,11
1401,258,20211102,207,53,59,80,2,30,17,100,3
1402,258,20211103,190,17,23,60,1,10,9,80,1
1403,258,20211104,278,12,33,60,21,10,11,100,21
1404,258,20211105,267,42,48,80,23,30,9,100,23
1405,258,20211106,219,104,105,120,18,80,1,160,22
1406,258,20211107,281,80,83,120,3,50,19,170,4
1407,258,20211108,250,45,50,70,11,20,18,100,12
1408,258,20211109,201,73,73,90,7,50,1,120,13
1409,258,20211110,203,52,53,70,1,40,4,90,1
1410,258,20211111,208,50,51,60,8,40,13,80,8
1411,258,20211112,186,81,83,100,16,40,1,140,22
1412,258,20211113,206,28,32,100,1,0,16,120,1
1413,258,20211114,72,51,52,70,18,30,1,90,18
1414,258,20211115,72,47,48,60,1,30,24,80,2
1415,258,20211116,189,26,34,80,24,10,5,100,24
1416,258,20211117,239,65,72,110,6,40,11,130,4
1417,258,20211118,232,77,79,100,11,60,2,130,11
1418,258,20211119,247,63,65,80,1,50,17,100,1
1419,258,20211120,234,65,67,80,6,50,19,100,6
1420,258,20211121,348,55,70,90,19,40,4,140,13
1421,258,20211122,6,27,40,90,1,10,11,120,1
1422,258,20211123,302,24,31,50,3,10,23,80,13
1423,258,20211124,196,49,50,70,12,20,1,90,11
1424,258,20211125,259,44,54,80,3,30,9,110,24
1425,258,20211126,214,79,85,150,13,30,19,200,13
1426,258,20211127,231,60,74,120,10,10,24,150,10
1427,258,20211128,3,55,60,90,15,20,5,130,23
1428,258,20211129,295,49,62,120,24,20,13,160,24
1429,258,20211130,256,61,75,130,1,40,13,180,1
1430,258,20211201,264,102,125,170,9,70,23,210,8
1431,258,20211202,308,53,63,90,5,40,20,170,5
1432,258,20211203,217,120,120,170,14,70,1,210,12
1433,258,20211204,206,54,58,70,1,40,17,120,20
1434,258,20211205,128,31,57,80,5,40,10,100,3
1435,258,20211206,172,65,74,120,20,30,3,150,19
1436,258,20211207,178,65,88,130,20,50,6,170,20
1437,258,20211208,188,95,96,120,12,80,22,160,1
1438,258,20211209,188,80,80,90,1,70,14,120,6
1439,258,20211210,122,47,58,100,7,0,24,130,3
1440,258,20211211,211,38,41,80,24,10,1,90,20
1441,258,20211212,215,78,79,100,4,60,15,130,5
1442,258,20211213,211,69,70,80,3,60,11,100,3
1443,258,20211214,219,71,71,80,2,60,15,100,3
1444,258,20211215,225,64,65,80,2,50,16,100,7
1445,258,20211216,238,25,27,50,1,0,22,70,3
1446,258,20211217,334,15,21,40,17,10,3,50,17
1447,258,20211218,336,27,32,40,5,20,1,70,23
1448,258,20211219,328,48,50,60,6,40,1,90,6
1449,258,20211220,33,16,29,60,5,10,11,90,6
1450,258,20211221,163,22,25,50,21,10,6,60,21
1451,258,20211222,169,45,46,70,19,20,3,80,19
1452,258,20211223,210,80,83,110,16,60,1,140,18
1453,258,20211224,297,19,70,120,23,20,15,140,22
1454,258,20211225,84,118,118,130,9,110,1,160,9
1455,258,20211226,101,93,94,120,1,80,11,140,1
1456,258,20211227,125,60,62,80,1,50,9,100,1
1457,258,20211228,197,46,67,90,13,50,19,140,13
1458,258,20211229,228,51,64,90,23,40,8,120,2
1459,258,20211230,228,96,97,120,10,70,3,150,10
1460,258,20211231,231,96,98,120,2,70,23,160,2
1461,258,20220101,206,78,79,90,3,60,6,110,2
1462,258,20220102,227,98,103,150,12,80,5,200,12
1463,258,20220103,234,109,110,130,1,70,22,180,14
1464,258,20220104,265,44,61,80,12,50,10,150,19
1465,258,20220105,293,102,110,150,8,80,21,220,10
1466,258,20220106,227,56,73,140,24,30,8,200,24
1467,258,20220107,218,91,94,140,1,50,22,190,1
1468,258,20220108,199,88,96,150,15,30,3,180,14
1469,258,20220109,267,59,65,100,3,40,21,170,5
1470,258,20220110,188,40,41,50,20,30,14,70,21
1471,258,20220111,201,66,69,90,10,50,1,110,10
1472,258,20220112,229,45,49,80,17,10,5,100,17
1473,258,20220113,230,72,72,90,21,60,1,120,21
1474,258,20220114,257,30,35,60,1,10,17,80,1
1475,258,20220115,182,41,46,70,23,20,1,90,24
1476,258,20220116,250,58,67,80,3,50,19,110,4
1477,258,20220117,292,67,71,90,9,40,21,120,12
1478,258,20220118,230,39,45,70,15,20,6,90,15
1479,258,20220119,249,48,68,100,12,40,1,140,20
1480,258,20220120,338,97,100,130,5,40,24,210,6
1481,258,20220121,295,58,62,80,13,50,5,130,1
1482,258,20220122,285,41,43,60,2,30,18,80,4
1483,258,20220123,194,23,27,50,12,10,4,70,12
1484,258,20220124,167,13,20,40,2,10,13,50,2
1485,258,20220125,195,29,32,50,22,20,1,60,18
1486,258,20220126,227,70,74,110,23,40,1,150,24
1487,258,20220127,271,94,106,120,1,80,11,170,1
1488,258,20220128,254,56,69,110,3,30,9,140,3
1489,258,20220129,262,110,122,150,12,90,6,220,12
1490,258,20220130,282,63,82,120,3,50,15,180,3
1491,258,20220131,309,124,143,190,9,70,24,270,7
1492,258,20220201,278,102,111,140,13,70,1,210,14
1493,258,20220202,276,54,66,110,1,10,15,180,3
1494,258,20220203,220,79,80,100,8,60,1,120,7
1495,258,20220204,242,87,106,130,11,80,1,200,19
1496,258,20220205,243,119,123,180,24,70,7,230,18
1497,258,20220206,264,135,148,180,1,100,12,250,4
1498,258,20220207,275,82,98,140,4,70,9,250,3
1499,258,20220208,241,98,100,120,9,80,1,150,14
1500,258,20220209,233,76,78,100,1,40,20,130,7
1501,258,20220210,265,54,58,100,24,10,4,130,24
1502,258,20220211,303,68,80,140,5,20,17,210,6
1503,258,20220212,197,93,94,120,24,60,1,160,24
1504,258,20220213,190,107,109,120,1,100,6,160,1
1505,258,20220214,219,102,110,130,8,80,23,200,8
1506,258,20220215,223,92,94,150,17,60,5,200,18
1507,258,20220216,234,134,139,220,20,70,1,290,22
1508,258,20220217,268,151,153,200,3,60,23,280,3
1509,258,20220218,235,147,165,270,16,50,2,400,16
1510,258,20220219,251,127,143,210,1,80,22,270,1
1511,258,20220220,239,142,153,220,21,50,3,300,21
1512,258,20220221,281,140,156,190,3,90,24,270,1
1513,258,20220222,255,85,98,150,15,60,5,200,17
1514,258,20220223,229,85,90,120,24,70,5,150,24
1515,258,20220224,239,98,115,140,13,80,15,200,13
1516,258,20220225,280,79,91,130,3,40,22,200,6
1517,258,20220226,166,23,38,80,24,20,2,90,23
1518,258,20220227,131,72,73,80,6,50,19,110,11
1519,258,20220228,159,61,63,80,1,40,21,100,5
1520,258,20220301,128,16,39,60,1,20,9,80,1
1521,258,20220302,74,56,57,70,7,40,14,80,7
1522,258,20220303,92,69,69,90,24,50,12,110,24
1523,258,20220304,100,79,80,100,21,60,19,120,21
1524,258,20220305,74,61,68,100,21,40,14,120,1
1525,258,20220306,46,75,77,100,1,40,24,120,6
1526,258,20220307,91,36,43,90,23,10,10,110,23
1527,258,20220308,128,70,71,90,9,40,20,120,10
1528,258,20220309,146,47,49,60,1,30,13,80,1
1529,258,20220310,124,49,50,70,21,30,14,80,21
1530,258,20220311,126,90,91,100,4,80,1,130,9
1531,258,20220312,157,57,63,80,1,30,15,110,1
1532,258,20220313,138,50,55,70,7,40,15,90,7
1533,258,20220314,226,43,50,70,7,10,21,100,8
1534,258,20220315,115,27,37,50,11,20,7,70,15
1535,258,20220316,131,63,65,80,11,30,2,110,22
1536,258,20220317,262,56,70,100,4,40,18,140,4
1537,258,20220318,31,21,47,90,24,20,6,100,17
1538,258,20220319,75,93,94,130,24,80,6,160,24
1539,258,20220320,105,72,95,130,1,50,19,160,5
1540,258,20220321,104,23,43,60,1,20,11,70,1
1541,258,20220322,70,30,36,60,18,20,10,60,17
1542,258,20220323,38,31,38,60,17,30,1,70,17
1543,258,20220324,16,31,35,60,16,10,9,70,15
1544,258,20220325,17,48,51,70,17,40,1,80,14
1545,258,20220326,8,41,45,80,19,10,4,100,19
1546,258,20220327,32,52,57,80,18,30,9,100,20
1547,258,20220328,32,34,39,70,19,10,12,80,18
1548,258,20220329,51,46,48,80,19,30,1,90,16
1549,258,20220330,47,63,64,110,22,10,3,130,20
1550,258,20220331,45,120,121,190,19,70,4,230,19
1551,258,20220401,42,136,139,170,1,90,24,220,3
1552,258,20220402,36,82,84,110,16,40,24,140,7
1553,258,20220403,281,37,51,110,24,20,9,140,24
1554,258,20220404,249,109,117,180,6,40,20,230,5
1555,258,20220405,258,69,71,100,14,30,7,150,15
1556,258,20220406,229,125,126,150,19,80,1,200,19
1557,258,20220407,257,144,156,200,13,120,6,280,13
1558,258,20220408,287,76,84,120,3,60,11,200,3
1559,258,20220409,291,86,88,110,13,60,22,200,16
1560,258,20220410,286,21,43,80,2,10,20,150,4
1561,258,20220411,100,50,54,80,19,20,4,100,22
1562,258,20220412,121,46,58,90,1,30,18,110,8
1563,258,20220413,230,40,41,50,8,30,3,70,24
1564,258,20220414,317,19,38,60,17,10,15,90,17
1565,258,20220415,43,36,42,60,7,10,14,80,7
1566,258,20220416,98,59,61,90,6,30,2,120,6
1567,258,20220417,117,53,56,70,1,40,10,90,1
1568,258,20220418,119,21,41,70,1,20,13,90,1
1569,258,20220419,67,50,55,100,20,30,11,120,20
1570,258,20220420,66,75,78,100,19,50,13,130,20
1571,258,20220421,64,77,80,110,18,60,7,140,18
1572,258,20220422,70,87,89,100,1,70,12,140,15
1573,258,20220423,77,108,109,120,5,80,19,160,5
1574,258,20220424,43,107,110,120,2,90,24,150,15
1575,258,20220425,50,81,84,120,20,30,16,150,20
1576,258,20220426,10,73,78,110,3,40,24,130,3
1577,258,20220427,15,35,37,50,9,10,5,70,9
1578,258,20220428,42,64,66,100,20,30,9,120,20
1579,258,20220429,40,71,73,90,20,60,3,110,14
1580,258,20220430,4,40,48,70,1,30,12,90,1
1581,258,20220501,55,32,35,70,20,20,9,90,20
1582,258,20220502,16,40,49,80,17,20,5,100,18
1583,258,20220503,13,46,52,90,9,20,1,110,9
1584,258,20220504,57,18,22,40,24,10,7,60,1
1585,258,20220505,250,4,28,40,1,10,15,50,1
1586,258,20220506,249,32,37,70,17,10,2,90,17
1587,258,20220507,5,41,65,100,17,20,8,130,17
1588,258,20220508,33,67,71,90,1,50,9,110,16
1589,258,20220509,87,23,35,70,1,10,11,90,1
1590,258,20220510,232,73,81,120,15,50,1,160,15
1591,258,20220511,248,99,103,160,20,70,1,220,19
1592,258,20220512,258,82,83,100,14,60,8,130,3
1593,258,20220513,254,102,103,110,1,90,8,140,4
1594,258,20220514,317,15,47,90,1,20,13,120,1
1595,258,20220515,78,58,59,100,24,40,12,110,23
1596,258,20220516,209,31,75,100,14,40,9,140,13
1597,258,20220517,178,13,50,80,1,20,11,100,1
1598,258,20220518,14,10,44,60,13,30,6,80,8
1599,258,20220519,246,27,56,120,5,10,8,180,5
1600,258,20220520,263,18,63,110,22,10,5,150,24
1601,258,20220521,267,72,74,130,1,20,23,170,2
1602,258,20220522,128,28,41,90,24,20,1,100,23
1603,258,20220523,77,1,63,110,18,10,11,150,18
1604,258,20220524,249,97,100,130,10,70,19,180,8
1605,258,20220525,235,112,114,150,15,80,2,200,16
1606,258,20220526,256,102,104,140,16,60,4,180,19
1607,258,20220527,286,92,93,110,13,70,3,150,15
1608,258,20220528,325,89,91,110,2,80,11,150,17
1609,258,20220529,352,74,76,100,4,40,23,130,1
1610,258,20220530,337,9,33,70,24,10,15,80,9
1611,258,20220531,143,24,41,70,1,10,10,100,14
1612,258,20220601,272,43,58,90,1,20,15,120,1
1613,258,20220602,17,30,44,90,22,10,10,110,22
1614,258,20220603,61,82,87,110,17,40,13,140,17
1615,258,20220604,48,98,100,120,1,80,10,140,1
1616,258,20220605,60,44,70,110,1,30,18,130,1
1617,258,20220606,248,118,120,130,2,100,16,180,11
1618,258,20220607,258,76,79,130,4,10,23,160,3
1619,258,20220608,217,54,64,100,13,40,1,140,13
1620,258,20220609,257,65,69,80,2,50,20,110,23
1621,258,20220610,226,66,70,100,23,40,18,150,23
1622,258,20220611,250,74,75,100,2,40,20,140,2
1623,258,20220612,261,62,65,100,14,40,21,120,14
1624,258,20220613,302,60,63,80,7,40,22,120,8
1625,258,20220614,9,15,38,70,23,20,9,90,21
1626,258,20220615,46,51,58,90,19,30,7,110,19
1627,258,20220616,87,23,25,60,1,10,7,80,1
1628,258,20220617,200,46,52,60,6,40,2,90,7
1629,258,20220618,4,61,74,110,21,40,4,140,24
1630,258,20220619,8,65,73,130,2,40,8,170,4
1631,258,20220620,337,65,68,100,12,40,21,130,12
1632,258,20220621,7,17,31,60,18,10,5,70,18
1633,258,20220622,38,46,55,90,17,20,4,110,17
1634,258,20220623,79,30,46,90,2,20,14,100,2
1635,258,20220624,246,31,46,80,10,10,18,120,3
1636,258,20220625,223,23,52,80,3,20,15,100,3
1637,258,20220626,206,45,53,80,3,20,22,110,3
1638,258,20220627,237,36,41,90,21,10,5,130,22
1639,258,20220628,203,23,58,90,1,10,17,110,1
1640,258,20220629,87,27,55,90,2,20,12,110,1
1641,258,20220630,293,28,64,120,19,40,6,150,18
1642,258,20220701,234,91,92,110,14,70,1,150,12
1643,258,20220702,221,44,52,100,4,10,18,130,1
1644,258,20220703,266,54,57,70,6,30,1,100,14
1645,258,20220704,265,63,65,90,11,40,21,120,11
1646,258,20220705,289,60,62,80,10,50,1,110,16
1647,258,20220706,267,68,73,100,16,40,9,140,15
1648,258,20220707,323,94,100,140,11,70,23,170,11
1649,258,20220708,277,50,55,80,12,40,5,100,11
1650,258,20220709,336,67,73,100,13,40,3,130,16
1651,258,20220710,320,62,68,90,3,50,14,110,1
1652,258,20220711,8,28,39,50,3,30,12,80,6
1653,258,20220712,200,29,38,60,24,20,19,80,24
1654,258,20220713,332,35,59,90,13,20,9,110,13
1655,258,20220714,331,44,48,80,15,20,2,120,19
1656,258,20220715,269,59,63,100,24,30,8,130,24
1657,258,20220716,348,61,65,100,6,20,23,130,8
1658,258,20220717,147,16,22,40,20,10,1,50,5
1659,258,20220718,150,19,26,50,4,10,11,60,4
1660,258,20220719,105,33,36,60,24,10,14,70,24
1661,258,20220720,245,51,61,100,9,30,20,150,8
1662,258,20220721,302,40,69,120,17,30,13,150,16
1663,258,20220722,332,33,40,60,1,20,22,90,1
1664,258,20220723,50,4,32,60,23,10,12,80,23
1665,258,20220724,208,53,55,90,9,20,24,110,8
1666,258,20220725,250,84,89,130,15,10,2,170,15
1667,258,20220726,334,67,73,90,7,60,9,130,10
1668,258,20220727,5,48,64,90,19,40,7,110,19
1669,258,20220728,66,70,72,110,22,50,8,130,21
1670,258,20220729,27,46,59,100,1,30,13,130,1
1671,258,20220730,269,14,37,50,1,10,16,70,1
1672,258,20220731,242,65,75,110,18,40,4,150,17
1673,258,20220801,15,39,49,80,6,20,20,100,2
1674,258,20220802,213,57,69,100,18,50,15,130,18
1675,258,20220803,215,50,57,90,6,20,19,110,6
1676,258,20220804,339,29,50,80,19,20,4,110,20
1677,258,20220805,324,59,66,80,8,50,2,120,16
1678,258,20220806,328,37,42,60,1,30,12,80,1
1679,258,20220807,341,22,32,60,17,20,3,80,16
1680,258,20220808,16,40,46,80,20,10,8,100,21
1681,258,20220809,46,60,67,100,19,40,9,120,19
1682,258,20220810,46,57,64,80,1,40,9,100,19
1683,258,20220811,51,49,55,90,18,30,8,110,18
1684,258,20220812,49,47,54,90,18,30,9,110,18
1685,258,20220813,86,48,50,70,23,30,11,100,24
1686,258,20220814,75,46,54,80,6,30,15,90,2
1687,258,20220815,231,26,41,80,13,10,6,100,13
1688,258,20220816,228,24,49,80,6,20,17,100,5
1689,258,20220817,28,70,80,110,10,50,5,140,16
1690,258,20220818,27,35,44,70,23,10,7,90,23
1691,258,20220819,241,30,54,70,16,40,3,100,16
1692,258,20220820,260,35,44,80,17,20,9,110,16
1693,258,20220821,231,36,55,80,4,20,20,100,3
1694,258,20220822,79,44,48,70,22,30,13,80,22
1695,258,20220823,88,7,32,60,1,10,12,70,1
1696,258,20220824,36,10,39,80,21,10,13,100,21
1697,258,20220825,63,26,63,110,23,20,16,140,23
1698,258,20220826,355,79,82,100,1,60,23,130,1
1699,258,20220827,18,73,75,110,16,50,1,140,16
1700,258,20220828,14,71,74,90,20,60,16,110,6
1701,258,20220829,33,57,61,90,18,30,11,110,18
1702,258,20220830,53,84,88,120,19,70,2,150,19
1703,258,20220831,59,102,103,130,20,70,15,150,20
1704,258,20220901,81,74,75,100,1,50,15,120,1
1705,258,20220902,97,77,78,100,1,50,14,120,1
1706,258,20220903,92,68,72,100,2,40,17,120,3
1707,258,20220904,106,37,43,70,1,20,13,80,1
1708,258,20220905,90,20,43,90,22,20,11,130,22
1709,258,20220906,278,8,35,100,24,10,2,130,24
1710,258,20220907,200,8,41,80,1,10,19,120,1
1711,258,20220908,208,44,52,80,9,30,2,100,8
1712,258,20220909,191,76,78,90,9,70,1,140,14
1713,258,20220910,37,28,58,80,16,40,7,100,16
1714,258,20220911,51,7,24,40,1,10,9,60,2
1715,258,20220912,212,30,38,50,3,20,20,70,4
1716,258,20220913,347,38,46,60,10,30,2,90,19
1717,258,20220914,6,19,33,50,17,10,13,80,23
1718,258,20220915,311,71,75,100,3,50,22,160,6
1719,258,20220916,313,89,95,130,18,60,1,190,23
1720,258,20220917,326,108,110,130,1,90,6,220,5
1721,258,20220918,316,86,92,130,18,50,8,180,19
1722,258,20220919,332,80,83,100,2,60,9,180,2
1723,258,20220920,339,36,44,70,6,10,24,110,5
1724,258,20220921,193,7,15,30,10,0,18,40,10
1725,258,20220922,165,26,28,50,23,10,14,60,22
1726,258,20220923,199,45,47,60,6,30,16,80,19
1727,258,20220924,26,56,70,90,7,30,4,120,15
1728,258,20220925,303,23,46,90,24,20,8,110,24
1729,258,20220926,230,76,98,140,6,30,17,180,6
1730,258,20220927,268,45,55,90,8,20,17,150,15
1731,258,20220928,260,35,40,60,18,30,3,100,17
1732,258,20220929,227,20,25,40,1,10,16,60,1
1733,258,20220930,203,66,70,130,24,20,1,180,22
1734,258,20221001,239,81,93,140,1,60,8,190,2
1735,258,20221002,275,51,57,90,1,40,20,120,1
1736,258,20221003,234,32,36,50,13,20,9,70,24
1737,258,20221004,205,69,69,90,23,50,1,110,10
1738,258,20221005,219,105,111,140,16,80,22,230,20
1739,258,20221006,239,81,86,100,2,70,19,130,1
1740,258,20221007,215,90,92,110,22,70,24,160,12
1741,258,20221008,265,62,64,90,15,40,20,150,10
1742,258,20221009,169,46,50,70,23,40,1,90,23
1743,258,20221010,241,44,66,80,1,40,19,140,13
1744,258,20221011,223,24,30,50,9,0,18,60,5
1745,258,20221012,186,31,33,50,22,20,2,70,24
1746,258,20221013,213,39,43,70,4,10,15,100,7
1747,258,20221014,194,39,50,70,16,30,3,100,16
1748,258,20221015,204,71,73,100,21,60,1,140,21
1749,258,20221016,205,54,71,120,7,10,18,160,7
1750,258,20221017,203,49,60,80,9,40,22,110,9
1751,258,20221018,315,18,33,50,24,20,5,70,23
1752,258,20221019,90,74,77,120,21,30,2,150,21
1753,258,20221020,130,70,75,100,3,50,22,130,5
1754,258,20221021,175,48,50,60,20,40,3,80,21
1755,258,20221022,203,53,60,90,10,40,19,110,10
1756,258,20221023,146,54,63,90,20,40,2,190,20
1757,258,20221024,210,99,103,140,8,70,1,230,8
1758,258,20221025,207,65,71,100,2,40,18,140,2
1759,258,20221026,187,55,64,80,12,50,1,100,11
1760,258,20221027,165,52,54,70,8,30,22,100,11
1761,258,20221028,202,51,58,80,13,40,8,110,13
1762,258,20221029,166,40,46,70,22,30,1,90,22
1763,258,20221030,211,35,39,60,1,10,13,90,17
1764,258,20221031,143,43,56,80,19,40,3,100,19
1765,258,20221101,207,124,128,170,8,80,1,230,9
1766,258,20221102,219,106,116,140,2,80,17,200,5
1767,258,20221103,188,88,96,120,1,70,24,160,1
1768,258,20221104,261,46,51,110,4,20,24,150,4
1769,258,20221105,214,89,91,130,24,40,1,170,24
1770,258,20221106,197,116,117,140,19,90,11,180,19
1771,258,20221107,208,109,110,140,1,90,16,190,3
1772,258,20221108,191,94,97,120,9,60,24,170,13
1773,258,20221109,217,98,100,130,12,70,20,170,14
1774,258,20221110,215,102,102,120,23,80,1,160,24
1775,258,20221111,214,89,90,130,2,40,17,170,2
1776,258,20221112,155,25,35,50,2,10,13,70,2
1777,258,20221113,92,57,58,110,24,30,3,140,24
1778,258,20221114,130,65,76,100,2,60,12,120,1
1779,258,20221115,160,68,72,100,17,60,1,120,17
1780,258,20221116,144,59,72,140,24,50,6,170,24
1781,258,20221117,146,102,115,160,2,80,23,210,2
1782,258,20221118,112,75,83,130,20,50,12,160,20
1783,258,20221119,87,92,96,140,8,40,23,170,8
1784,258,20221120,140,43,58,90,19,20,4,110,18
1785,258,20221121,142,66,68,100,19,40,2,130,22
1786,258,20221122,173,82,85,100,1,70,3,160,10
1787,258,20221123,189,84,86,110,16,70,1,150,16
1788,258,20221124,194,76,80,100,21,60,14,130,4
1789,258,20221125,212,61,65,90,9,40,15,120,10
1790,258,20221126,192,60,62,80,24,50,13,110,24
1791,258,20221127,173,78,79,100,5,60,24,130,4
1792,258,20221128,203,46,48,70,6,30,16,100,7
1793,258,20221129,285,19,30,50,15,10,23,70,15
1794,258,20221130,33,26,32,60,19,10,1,70,18
1795,258,20221201,47,40,43,60,20,20,16,80,21
1796,258,20221202,66,87,88,110,17,60,1,150,21
1797,258,20221203,80,91,93,110,8,70,15,140,8
1798,258,20221204,70,95,98,110,15,80,1,140,15
1799,258,20221205,31,67,70,100,3,40,22,130,8
1800,258,20221206,296,35,45,60,1,30,6,90,5
1801,258,20221207,285,41,45,70,20,30,15,110,10
1802,258,20221208,238,38,43,80,13,10,21,130,3
1803,258,20221209,201,46,47,80,21,10,1,100,20
1804,258,20221210,209,57,59,70,3,50,11,100,13
1805,258,20221211,185,51,51,60,5,40,15,80,3
1806,258,20221212,190,37,38,50,22,30,1,60,1
1807,258,20221213,164,31,39,60,20,20,11,70,19
1808,258,20221214,215,4,33,60,2,10,11,70,1
1809,258,20221215,225,49,60,80,12,40,1,110,24
1810,258,20221216,18,26,40,80,1,10,18,100,1
1811,258,20221217,188,71,71,90,13,40,1,110,13
1812,258,20221218,159,69,71,100,21,50,3,120,20
1813,258,20221219,192,97,99,120,10,90,8,140,3
1814,258,20221220,206,79,81,100,2,40,20,140,1
1815,258,20221221,205,63,64,90,13,50,1,110,12
1816,258,20221222,218,43,51,80,12,30,5,110,14
1817,258,20221223,121,9,43,90,24,10,6,120,24
1818,258,20221224,225,60,65,90,1,50,5,120,2
1819,258,20221225,185,48,51,70,4,30,19,90,4
1820,258,20221226,236,74,82,120,9,60,15,180,9
1821,258,20221227,220,84,88,120,21,60,8,150,21
1822,258,20221228,208,118,119,140,20,100,16,180,19
1823,258,20221229,222,112,113,140,9,90,18,210,2
1824,258,20221230,199,104,110,140,15,80,1,200,16
1825,258,20221231,221,106,108,150,11,70,3,220,11
1826,258,20230101,215,83,90,130,3,40,21,200,3
1827,258,20230102,245,56,62,70,2,40,1,110,15
1828,258,20230103,194,78,80,130,24,50,1,170,24
1829,258,20230104,239,135,141,160,10,120,7,210,10
1830,258,20230105,244,73,81,120,1,50,15,150,1
1831,258,20230106,221,83,86,120,5,60,16,200,8
1832,258,20230107,192,98,99,120,24,80,4,160,18
1833,258,20230108,198,87,89,100,1,70,3,140,1
1834,258,20230109,239,60,73,100,1,40,9,120,1
1835,258,20230110,207,98,105,160,18,70,1,200,17
1836,258,20230111,232,106,108,140,20,70,6,210,19
1837,258,20230112,235,136,138,170,7,110,2,210,6
1838,258,20230113,248,137,141,170,10,100,22,220,8
1839,258,20230114,220,99,115,160,13,80,3,200,13
1840,258,20230115,240,131,135,180,11,80,23,250,9
1841,258,20230116,189,25,80,120,23,30,17,180,23
1842,258,20230117,258,72,77,110,1,60,6,160,1
1843,258,20230118,233,100,103,140,16,70,4,200,17
1844,258,20230119,270,57,65,110,3,40,20,160,3
1845,258,20230120,149,39,78,90,1,60,13,110,1
1846,258,20230121,46,35,40,70,1,10,11,100,23
1847,258,20230122,44,72,73,100,7,60,20,130,7
1848,258,20230123,67,48,49,60,3,40,13,70,3
1849,258,20230124,93,40,45,60,4,20,19,90,5
1850,258,20230125,209,51,53,90,17,10,1,110,17
1851,258,20230126,346,46,63,80,15,20,5,120,15
1852,258,20230127,47,64,65,100,2,30,24,140,5
1853,258,20230128,226,22,38,60,22,20,7,80,23
1854,258,20230129,221,91,93,120,18,50,3,150,19
1855,258,20230130,288,100,105,140,10,60,22,200,11
1856,258,20230131,256,95,100,140,15,60,1,190,15
1857,258,20230201,274,114,118,140,11,70,23,190,13
1858,258,20230202,265,78,81,100,5,70,1,130,5
1859,258,20230203,279,86,91,130,5,40,22,180,8
1860,258,20230204,274,7,23,40,1,10,10,60,24
1861,258,20230205,344,70,82,120,6,40,23,190,10
1862,258,20230206,351,19,29,40,1,10,14,50,1
1863,258,20230207,162,31,33,50,4,20,14,60,4
1864,258,20230208,171,40,42,60,9,30,1,70,9
1865,258,20230209,221,70,73,90,4,50,19,120,7
1866,258,20230210,230,75,76,100,17,60,1,130,17
1867,258,20230211,252,55,56,80,1,40,18,100,1
1868,258,20230212,233,17,24,40,1,10,16,50,1
1869,258,20230213,103,37,38,60,16,10,1,70,21
1870,258,20230214,147,20,26,40,1,10,13,50,1
1871,258,20230215,196,44,48,80,24,20,1,100,24
1872,258,20230216,213,74,75,90,19,60,12,110,18
1873,258,20230217,243,94,97,150,12,50,19,210,12
1874,258,20230218,250,93,95,150,11,50,1,180,9
1875,258,20230219,280,39,61,100,24,10,12,120,2
1876,258,20230220,241,112,113,140,12,90,19,180,10
1877,258,20230221,236,47,50,90,1,30,18,110,1
1878,258,20230222,200,28,40,60,22,20,13,70,3
